GC content,Purine ratio,Shannon H (k=1),Shannon H (k=3),Pi-stacking,GQS density,Struct. density,RC self-match,Scaffolding index,Length
0.6,1.5,0.9709505944546686,2.5073801024236357,0.2857142857142857,0.0,0.42857142857142855,0.0,9.269257140521837,15
0.5454545454545454,1.2,1.9808259362290785,5.312826114940558,0.3333333333333333,0.18181818181818182,0.2777777777777778,0.18181818181818182,15.145189845363936,55
0.5,1.4761904761904763,1.9720476472177908,5.198562939644917,0.43137254901960786,0.1923076923076923,0.3137254901960784,0.07692307692307693,13.18425893635097,52
0.5535714285714286,1.0740740740740742,1.9749892596814678,5.34748009475606,0.3090909090909091,0.17857142857142858,0.32727272727272727,0.21428571428571427,15.69627994266654,56
0.5952380952380952,2.230769230769231,1.8619922492144256,4.612814895472357,0.5121951219512195,0.47619047619047616,0.3902439024390244,0.23809523809523808,13.426471879287153,42
0.4444444444444444,1.131578947368421,1.988303620756901,5.27980792552418,0.3125,0.0,0.25,0.24691358024691357,18.105877552251346,81
0.4716981132075472,1.12,1.9951970278754627,4.990956959576133,0.34615384615384615,0.0,0.3076923076923077,0.3018867924528302,12.530084558383727,53
0.48148148148148145,1.0769230769230769,1.9979334329964376,5.46163739358241,0.3,0.0,0.2625,0.1728395061728395,19.52016009930269,81
0.5679012345679012,1.4545454545454546,1.9478470868911313,5.249550210010721,0.3875,0.4938271604938272,0.3,0.24691358024691357,23.615804697284396,81
0.5,1.162162162162162,1.995485166515309,5.307650135445707,0.2911392405063291,0.125,0.25316455696202533,0.225,20.045240438750557,80
0.5432098765432098,0.9285714285714286,1.987760413427597,5.079362318389755,0.2375,0.0,0.25,0.345679012345679,22.13545333095514,81
0.5609756097560976,0.9069767441860465,1.987502167008179,5.271439344671015,0.2345679012345679,0.0,0.2716049382716049,0.17073170731707318,23.14461720795372,82
0.5185185185185185,0.9285714285714286,1.9924373927729693,5.290627583401057,0.225,0.0,0.225,0.2716049382716049,21.079698199123058,81
0.4567901234567901,0.975609756097561,1.9891945446863777,5.239994672008651,0.2625,0.0,0.2625,0.32098765432098764,18.600484049361537,81
0.44594594594594594,1.2424242424242424,1.9529755037305787,5.384795487373137,0.3287671232876712,0.27027027027027023,0.3424657534246575,0.32432432432432434,16.897284702075705,74
0.5057471264367817,0.851063829787234,1.9834160034281603,5.411814612379216,0.23255813953488372,0.3448275862068966,0.26744186046511625,0.3448275862068966,22.183938084603447,87
0.55,1.0,1.9854752972273344,4.807009421281391,0.1794871794871795,0.0,0.10256410256410256,0.2,11.08046468785471,40
0.48936170212765956,1.0434782608695652,1.9990337483552756,5.502764097380546,0.25806451612903225,0.3191489361702127,0.22580645161290322,0.1702127659574468,23.01110575383791,94
0.6756756756756757,0.6086956521739131,1.8407796026840577,4.493149802473812,0.1388888888888889,0.27027027027027023,0.3611111111111111,0.5405405405405406,13.58119482764393,37
0.48717948717948717,0.7727272727272727,1.9647405072701494,5.356158598827569,0.2077922077922078,0.0,0.24675324675324675,0.2564102564102564,19.34096666629594,78
0.47435897435897434,0.56,1.8713176317549336,5.084721881944796,0.15584415584415584,0.0,0.24675324675324675,0.2564102564102564,19.772153909086654,78
0.46835443037974683,0.8809523809523809,1.9909200186193574,5.390036215963385,0.21794871794871795,0.0,0.21794871794871795,0.379746835443038,18.584363545299436,79
0.5189873417721519,0.5490196078431373,1.936478055949274,5.266532644478619,0.10256410256410256,0.12658227848101264,0.21794871794871795,0.35443037974683544,21.172446907721163,79
0.5569620253164557,0.7954545454545454,1.980748055177989,5.401472378576843,0.19230769230769232,0.2531645569620253,0.20512820512820512,0.3291139240506329,22.213818497086795,79
0.5689655172413793,1.0,1.9853579839940576,5.159771663013133,0.2807017543859649,0.1724137931034483,0.24561403508771928,0.1724137931034483,16.62167913513155,58
0.5466666666666666,1.34375,1.9351435459225075,5.1652493873804115,0.2972972972972973,0.4,0.20270270270270271,0.21333333333333335,21.18704780290962,75
0.5333333333333333,1.2727272727272727,1.8935065757016862,5.03361047677169,0.28378378378378377,0.4,0.22972972972972974,0.13333333333333333,21.12481645877599,75
0.5517241379310345,1.9,1.822744329723164,4.236368983644951,0.42857142857142855,0.3448275862068966,0.2857142857142857,0.41379310344827586,8.777967903190326,29
0.5185185185185185,2.0,1.785227892260356,4.163856189774725,0.4230769230769231,0.37037037037037035,0.3076923076923077,0.37037037037037035,7.842131650846179,27
0.6551724137931034,1.9,1.750631548973961,3.8100810205217304,0.42857142857142855,0.6896551724137931,0.35714285714285715,0.27586206896551724,10.853219889654072,29
0.6296296296296297,2.0,1.7338641164117328,3.623465189601646,0.4230769230769231,0.7407407407407407,0.38461538461538464,0.2222222222222222,9.804684250861351,27
0.6052631578947368,1.5333333333333334,1.8522500575780474,4.474937501201927,0.3783783783783784,0.5263157894736842,0.32432432432432434,0.2631578947368421,12.417323184079684,38
0.6206896551724138,1.6363636363636365,1.7905860515686174,4.1804513908921015,0.39285714285714285,0.6896551724137931,0.32142857142857145,0.3448275862068966,10.052569063442833,29
0.6666666666666666,1.7,1.7338641164117328,4.023465189601647,0.38461538461538464,0.7407407407407407,0.34615384615384615,0.2962962962962963,10.381430383264961,27
0.43333333333333335,1.5,1.9493978533396061,4.450212064914748,0.3103448275862069,0.0,0.20689655172413793,0.4,6.668722502698252,30
0.6296296296296297,1.0769230769230769,1.9493835776503414,4.023465189601647,0.19230769230769232,0.0,0.3076923076923077,0.7407407407407407,8.720700981686575,27
0.45098039215686275,0.8214285714285714,1.9259107990264717,4.859208823530436,0.2,0.0,0.18,0.1568627450980392,11.942395291220636,51
0.6379310344827587,1.0,1.9434585548642334,4.631489360772527,0.17543859649122806,0.0,0.2982456140350877,0.0,19.03821456299087,58
0.49382716049382713,0.8409090909090909,1.954495376245277,5.189361760616245,0.1875,0.0,0.2375,0.2222222222222222,20.46563016752314,81
0.5818181818181818,1.2,1.965184497071451,4.855002294063381,0.2037037037037037,0.0,0.09259259259259259,0.509090909090909,16.283450110784393,55
0.7804878048780488,2.1538461538461537,1.4704131721693383,3.912354141384436,0.45,1.4634146341463417,0.425,0.14634146341463414,21.762575882133678,41
0.575,1.8571428571428572,1.600231685851246,3.995722015404798,0.41025641025641024,0.75,0.4358974358974359,0.15,14.372909767034985,40
0.5277777777777778,1.4,1.4722442670831026,3.547329665467978,0.34285714285714286,0.8333333333333333,0.45714285714285713,0.1111111111111111,12.905458366759703,36
0.5757575757575758,0.8857142857142857,1.978765755764171,5.101409765557392,0.13846153846153847,0.0,0.1076923076923077,0.15151515151515152,19.203880340775665,66
0.5641025641025641,0.8571428571428571,1.9734953890726121,4.756618568273184,0.23684210526315788,0.25641025641025644,0.3157894736842105,0.358974358974359,11.14772751640973,39
0.48717948717948717,0.8571428571428571,1.990727611099235,4.6689128250884115,0.10526315789473684,0.0,0.18421052631578946,0.20512820512820512,9.544244199870436,39
0.5384615384615384,0.8571428571428571,1.990727611099235,4.465945933079574,0.10526315789473684,0.0,0.13157894736842105,0.41025641025641024,10.548901484067324,39
0.5526315789473685,0.8095238095238095,1.982711723058967,4.836591668108978,0.16216216216216217,0.0,0.1891891891891892,0.3684210526315789,10.59154952493612,38
0.7916666666666666,1.6666666666666667,1.5469371097526865,3.442862165155465,0.391304347826087,1.6666666666666667,0.43478260869565216,0.16666666666666666,12.282327185693024,24
0.6065573770491803,2.210526315789474,1.8608163461419247,4.874002795051216,0.4166666666666667,0.3278688524590164,0.16666666666666666,0.26229508196721313,19.88373554057466,61
0.6229508196721312,1.9047619047619047,1.8710336124969553,4.952238761402839,0.4,0.49180327868852464,0.21666666666666667,0.26229508196721313,20.309618938202213,61
0.43333333333333335,1.7272727272727273,1.9344518194827178,4.450212064914748,0.4827586206896552,0.3333333333333333,0.3793103448275862,0.3333333333333333,6.720246608793625,30
0.47368421052631576,2.1666666666666665,1.89682043644058,4.669925001442312,0.5135135135135135,0.5263157894736842,0.35135135135135137,0.3157894736842105,9.489559562220748,38
0.5510204081632653,1.1304347826086956,1.8807207391364504,4.538111457830461,0.25,0.0,0.20833333333333334,0.20408163265306123,14.35619073154186,49
0.6181818181818182,1.2,1.9521319853865449,4.944717152594766,0.3148148148148148,0.18181818181818182,0.25925925925925924,0.32727272727272727,17.416846216174974,55
0.5977011494252874,0.5818181818181818,1.8597735007361087,5.080053071906043,0.13953488372093023,0.1149425287356322,0.26744186046511625,0.3448275862068966,27.96037905639535,87
0.6666666666666666,1.0526315789473684,1.7184176590937383,4.280682339234349,0.23684210526315788,0.5128205128205129,0.2631578947368421,0.10256410256410256,15.130189527685827,39
0.5633802816901409,0.6136363636363636,1.927170129941534,5.24933297105144,0.21428571428571427,0.14084507042253522,0.32857142857142857,0.22535211267605634,20.755811136094337,71
0.5846153846153846,1.03125,1.958348683566442,5.155463455074244,0.28125,0.15384615384615385,0.25,0.3384615384615385,19.40409331330267,65
0.5866666666666667,1.7777777777777777,1.913164648644443,5.15544407936869,0.44594594594594594,0.4,0.33783783783783783,0.16,22.99853127259306,75
0.5733333333333334,1.34375,1.9629707065830855,5.3148341070864955,0.3918918918918919,0.4,0.33783783783783783,0.18666666666666668,21.905562803474858,75
0.64,1.4193548387096775,1.897499323974447,5.240725757302698,0.36486486486486486,0.4,0.28378378378378377,0.26666666666666666,25.296438368695846,75
0.5733333333333334,1.4193548387096775,1.9460280671393384,5.3318904426732985,0.3783783783783784,0.4,0.33783783783783783,0.13333333333333333,22.096278378415988,75
0.6,2.125,1.8705508652122462,5.1859312367547545,0.5,0.6666666666666666,0.32432432432432434,0.13333333333333333,24.05707151824629,75
0.56,1.0833333333333333,1.9715276774516028,5.381337572460103,0.2972972972972973,0.13333333333333333,0.24324324324324326,0.24,21.303266079948273,75
0.5866666666666667,1.6785714285714286,1.9181583706675573,5.297777771499694,0.4189189189189189,0.4,0.2702702702702703,0.10666666666666667,22.938657065125476,75
0.5866666666666667,0.9736842105263158,1.9719187021609845,5.497642024455624,0.25675675675675674,0.13333333333333333,0.24324324324324326,0.18666666666666668,22.313281799345756,75
0.5733333333333334,1.34375,1.9536376882060311,5.230384832615528,0.35135135135135137,0.26666666666666666,0.22972972972972974,0.21333333333333335,22.01021113043458,75
0.5866666666666667,1.2727272727272727,1.9620085087392507,5.593800243752252,0.32432432432432434,0.13333333333333333,0.22972972972972974,0.26666666666666666,22.42598713411616,75
0.6,1.2727272727272727,1.959151699350508,5.297777771499694,0.35135135135135137,0.26666666666666666,0.28378378378378377,0.21333333333333335,22.969113134937494,75
0.5733333333333334,1.2058823529411764,1.9647617118988725,5.436132093008046,0.3108108108108108,0.13333333333333333,0.2702702702702703,0.26666666666666666,21.88559449931847,75
0.5945945945945946,1.3870967741935485,1.9400150721926508,5.366115237818326,0.3561643835616438,0.13513513513513511,0.2054794520547945,0.1891891891891892,22.68022447374376,74
0.5512820512820513,1.1081081081081081,1.9901970238074285,5.408790177774937,0.23376623376623376,0.12820512820512822,0.2077922077922078,0.4358974358974359,21.605890210732458,78
0.475,1.3529411764705883,1.9755700374451464,5.174771571643138,0.3037974683544304,0.0,0.1518987341772152,0.3,19.234944874036252,80
0.47435897435897434,1.0,1.9976265706892873,5.3626089277180045,0.19480519480519481,0.0,0.18181818181818182,0.3333333333333333,18.521971033486007,78
0.475,1.0,1.996387226993904,5.422784109693732,0.22784810126582278,0.0,0.20253164556962025,0.325,19.03437391895421,80
0.4875,1.105263157894737,1.975140170303507,5.205086032881603,0.20253164556962025,0.0,0.16455696202531644,0.25,19.745424067084343,80
0.5,1.4242424242424243,1.9661319672091504,5.170098136045699,0.31645569620253167,0.0,0.16455696202531644,0.3,20.344503991903686,80
0.48,0.9230769230769231,1.9869608142719164,4.349648912578752,0.3333333333333333,0.0,0.4166666666666667,0.24,6.039371221835568,25
0.5,1.4827586206896552,1.9439881597575674,5.086146588249912,0.4225352112676056,0.1388888888888889,0.323943661971831,0.3333333333333333,18.518621783101672,72
0.575,1.2857142857142858,1.9228659028539297,5.128494129663178,0.26582278481012656,0.25,0.21518987341772153,0.225,23.922612600865172,80
0.5,1.2222222222222223,1.9909520708329982,5.432462154593267,0.27848101265822783,0.0,0.16455696202531644,0.3,20.09088038587687,80
0.475,1.2857142857142858,1.9820363269972767,5.204584750608427,0.27848101265822783,0.0,0.17721518987341772,0.35,19.17219190698532,80
0.475,0.9512195121951219,1.997336807154562,5.509385231516342,0.20253164556962025,0.0,0.17721518987341772,0.3,19.025324541438177,80
0.5375,1.162162162162162,1.9766314552382727,5.176051898183008,0.22784810126582278,0.125,0.189873417721519,0.25,21.754170779724742,80
0.4625,1.5806451612903225,1.9582678811053378,5.256699257868308,0.34177215189873417,0.0,0.16455696202531644,0.3,18.894238864233746,80
0.5769230769230769,1.0,1.9431095461522085,4.998562939644918,0.21568627450980393,0.1923076923076923,0.21568627450980393,0.3076923076923077,15.43916276889479,52
0.5384615384615384,1.3636363636363635,1.9580178370331516,4.828758439731455,0.3137254901960784,0.3846153846153846,0.21568627450980393,0.2692307692307692,14.30016885967575,52
0.5576923076923077,1.08,1.9483286172942185,5.133660689688188,0.23529411764705882,0.1923076923076923,0.21568627450980393,0.3076923076923077,14.88454507008641,52
0.4583333333333333,1.1818181818181819,1.9771791865289563,5.5461421759385825,0.29473684210526313,0.3125,0.28421052631578947,0.2916666666666667,22.253915095742645,96
0.46875,1.1818181818181819,1.9834161465502,5.5461421759385825,0.29473684210526313,0.3125,0.28421052631578947,0.3125,22.68811685845787,96
0.4895833333333333,1.0425531914893618,1.967669691959614,5.307434070643397,0.2631578947368421,0.4166666666666667,0.24210526315789474,0.25,23.886110715605795,96
0.4791666666666667,1.0425531914893618,1.9598208660757588,5.295250591625027,0.2631578947368421,0.4166666666666667,0.24210526315789474,0.25,23.471520956191753,96
0.4791666666666667,1.0425531914893618,1.9726218488396134,5.333651022204142,0.2631578947368421,0.4166666666666667,0.23157894736842105,0.2708333333333333,23.319206723707623,96
0.4791666666666667,1.0425531914893618,1.9598208660757588,5.209081810028115,0.2631578947368421,0.4166666666666667,0.25263157894736843,0.2708333333333333,23.471520956191753,96
0.5125,1.5806451612903225,1.9542065446026684,5.1104183664039855,0.34177215189873417,0.0,0.1518987341772152,0.2,20.980371359857873,80
0.527027027027027,1.1764705882352942,1.9931298702270075,5.321044230903929,0.2465753424657534,0.13513513513513511,0.2054794520547945,0.24324324324324326,19.56720483465197,74
0.5405405405405406,1.3125,1.970622280750471,5.084080425506423,0.2602739726027397,0.13513513513513511,0.1780821917808219,0.35135135135135137,20.29814647514305,74
0.5135135135135135,1.2424242424242424,1.9910196348538551,5.395280036014296,0.2328767123287671,0.13513513513513511,0.1780821917808219,0.24324324324324326,19.0856886838791,74
0.5135135135135135,1.3125,1.9608099583737308,5.235422049843088,0.2602739726027397,0.13513513513513511,0.1780821917808219,0.2972972972972973,19.37973665320428,74
0.5,1.1142857142857143,1.9066155706313739,5.07220885644707,0.2191780821917808,0.13513513513513511,0.2191780821917808,0.35135135135135137,19.406104284380312,74
0.5,1.2424242424242424,1.9652608446540176,5.171089626985458,0.2328767123287671,0.13513513513513511,0.1232876712328767,0.40540540540540543,18.827007760135807,74
0.5135135135135135,1.3125,1.9608099583737308,5.173057813792072,0.2328767123287671,0.13513513513513511,0.136986301369863,0.35135135135135137,19.37973665320428,74
0.5333333333333333,1.1428571428571428,1.9788223868594026,5.230384832615529,0.20270270270270271,0.13333333333333333,0.1891891891891892,0.32,20.21403237177429,75
0.5967741935483871,1.0,1.9085227265260118,5.1358128871670115,0.2459016393442623,0.16129032258064516,0.26229508196721313,0.25806451612903225,19.386712088379017,62
0.4166666666666667,0.92,1.976858112479406,5.431728479107056,0.17894736842105263,0.0,0.21052631578947367,0.2916666666666667,20.234117721131582,96
0.4270833333333333,0.6842105263157895,1.958521565995329,5.529018341104147,0.15789473684210525,0.0,0.22105263157894736,0.375,20.934147357737306,96
0.5106382978723404,0.7090909090909091,1.9560607177336329,5.292492597728956,0.16129032258064516,0.10638297872340426,0.3225806451612903,0.23404255319148937,24.539103017472584,94
0.4105263157894737,0.6379310344827587,1.936695336110455,5.255038617532098,0.13829787234042554,0.0,0.22340425531914893,0.25263157894736843,20.13738512994002,95
0.5625,1.2222222222222223,1.980432010793153,5.18233683402497,0.31645569620253167,0.125,0.17721518987341772,0.05,22.72230353400226,80
0.525,1.2222222222222223,1.9887586809150082,5.390858148210745,0.2911392405063291,0.125,0.1518987341772152,0.125,21.118690409429572,80
0.6,1.162162162162162,1.9668136509239562,5.2495818660485165,0.3037974683544304,0.25,0.17721518987341772,0.2,24.404943280980188,80
0.5301204819277109,1.7666666666666666,1.9346585666918248,5.177640552422679,0.3902439024390244,0.48192771084337344,0.2926829268292683,0.24096385542168675,22.743019370192293,83
0.5301204819277109,1.59375,1.9592407589239738,5.243627934743004,0.4146341463414634,0.36144578313253006,0.2804878048780488,0.2891566265060241,22.457667513255252,83
0.5632183908045977,1.2894736842105263,1.9586222593928244,5.387110312730865,0.313953488372093,0.1149425287356322,0.23255813953488372,0.22988505747126436,25.017572810398494,87
0.5517241379310345,1.2894736842105263,1.9669141562235264,5.4531060830183575,0.313953488372093,0.1149425287356322,0.22093023255813954,0.22988505747126436,24.403696238814852,87
0.5697674418604651,1.3243243243243243,1.956404191570185,5.4066747142136276,0.3176470588235294,0.11627906976744186,0.23529411764705882,0.18604651162790697,25.045936399643903,86
0.6,1.4193548387096775,1.9363439072654465,5.053719120941011,0.3783783783783784,0.5333333333333333,0.2972972972972973,0.4533333333333333,23.23966140079357,75
0.5063291139240507,1.2571428571428571,1.9765788705610112,5.444913650887834,0.3333333333333333,0.2531645569620253,0.2692307692307692,0.22784810126582278,20.23697630222594,79
0.55,1.3529411764705883,1.9755700374451464,5.171378462585569,0.35443037974683544,0.125,0.1518987341772152,0.1,22.27204143309461,80
0.5949367088607594,1.0789473684210527,1.972499074227703,5.2405586185045925,0.2692307692307692,0.12658227848101264,0.1794871794871795,0.22784810126582278,23.82762901461588,79
0.5625,1.105263157894737,1.9866370421013735,5.329898052029163,0.3291139240506329,0.125,0.25316455696202533,0.15,22.651333079477876,80
0.55,1.2222222222222223,1.971099070932946,5.1920148789245015,0.31645569620253167,0.25,0.17721518987341772,0.175,22.322560203234257,80
0.5125,0.9512195121951219,1.9972462988821524,5.041893007840572,0.24050632911392406,0.0,0.12658227848101267,0.25,20.528254073968437,80
0.4090909090909091,0.6097560975609756,1.9240902110208133,5.015319531114783,0.12307692307692308,0.15151515151515152,0.26153846153846155,0.18181818181818182,14.03259879019734,66
0.5853658536585366,1.4848484848484849,1.9169786521922498,5.3107549325175984,0.35802469135802467,0.48780487804878053,0.24691358024691357,0.2926829268292683,25.039389408806404,82
0.5975609756097561,1.4848484848484849,1.9191145138853432,5.169667976545062,0.345679012345679,0.24390243902439027,0.25925925925925924,0.34146341463414637,25.53259543027564,82
0.49382716049382713,1.3142857142857143,1.977171096037747,5.339996374918654,0.3,0.1234567901234568,0.2375,0.2716049382716049,20.23091468879214,81
0.6041666666666666,1.0,1.9354322346176822,4.925523369006427,0.2765957446808511,0.20833333333333334,0.2978723404255319,0.2916666666666667,14.983725339266764,48
0.5294117647058824,1.2972972972972974,1.8895754111261875,5.125056226987233,0.32142857142857145,0.23529411764705882,0.27380952380952384,0.21176470588235294,23.814861222351947,85
0.5647058823529412,1.0238095238095237,1.8886241070003058,4.977289208836747,0.23809523809523808,0.23529411764705882,0.21428571428571427,0.1411764705882353,25.41531393503403,85
0.5542168674698795,1.3714285714285714,1.92273057848957,5.143629595605846,0.3048780487804878,0.24096385542168672,0.24390243902439024,0.24096385542168675,23.9242963056424,83
0.5882352941176471,1.4285714285714286,1.9434595437473603,5.215535443906836,0.3333333333333333,0.23529411764705882,0.2857142857142857,0.32941176470588235,25.727303886288592,85
0.6111111111111112,2.272727272727273,1.8197504519973258,4.454822399946606,0.42857142857142855,0.8333333333333333,0.2857142857142857,0.2777777777777778,12.089563097121426,36
0.6363636363636364,2.3,1.7563208372399794,4.324848729602136,0.4375,0.9090909090909092,0.3125,0.18181818181818182,11.95680629525226,33
0.5901639344262295,1.6521739130434783,1.8888360266607536,4.941799405220707,0.35,0.49180327868852464,0.23333333333333334,0.32786885245901637,19.05934683186715,61
0.6,2.3333333333333335,1.7609640474436812,4.324862957617357,0.4482758620689655,1.0,0.3103448275862069,0.13333333333333333,10.221667957651881,30
0.625,2.2,1.7806390622295665,4.32323142879762,0.41935483870967744,0.9375,0.2903225806451613,0.125,11.231916221719564,32
0.5921052631578947,1.054054054054054,1.9244391473695563,4.935390190797953,0.18666666666666668,0.0,0.18666666666666668,0.2894736842105263,23.38342403711998,76
0.6052631578947368,1.0,1.9147376359410142,5.07187485931295,0.18666666666666668,0.0,0.18666666666666668,0.34210526315789475,24.024166607675372,76
0.631578947368421,1.2352941176470589,1.9152312252479136,5.165072115424298,0.26666666666666666,0.39473684210526316,0.22666666666666666,0.42105263157894735,25.06223494322561,76
0.4583333333333333,2.272727272727273,1.8183487040188036,4.732505338219004,0.4788732394366197,0.1388888888888889,0.2535211267605634,0.2777777777777778,18.148324234367816,72
0.5,1.88,1.9011770921486775,5.070154938553287,0.4225352112676056,0.2777777777777778,0.2535211267605634,0.3333333333333333,18.935627413691396,72
0.5,2.0,1.8776402831734214,4.817990874918955,0.43661971830985913,0.2777777777777778,0.28169014084507044,0.3055555555555556,19.17299130702752,72
0.4861111111111111,1.3225806451612903,1.929548594379067,5.091723152900816,0.30985915492957744,0.1388888888888889,0.2112676056338028,0.2222222222222222,18.13894812652539,72
0.41237113402061853,1.0208333333333333,1.9775983012406635,5.452603340042342,0.2604166666666667,0.30927835051546393,0.23958333333333334,0.2268041237113402,20.226544363615858,97
0.4772727272727273,1.0465116279069768,1.9977960801823405,5.324009085871038,0.28735632183908044,0.22727272727272727,0.27586206896551724,0.29545454545454547,21.023156163671352,88
0.422680412371134,0.9795918367346939,1.9824994049569518,5.420818603109143,0.25,0.30927835051546393,0.22916666666666666,0.24742268041237114,20.68095416146474,97
0.4329896907216495,0.9795918367346939,1.986160699055227,5.412872418875843,0.23958333333333334,0.30927835051546393,0.22916666666666666,0.2268041237113402,21.1463145321846,97
0.5,1.0952380952380953,1.9985090989176322,5.402554289384566,0.3103448275862069,0.22727272727272727,0.25287356321839083,0.29545454545454547,22.016401129936668,88
0.4659090909090909,0.7959183673469388,1.9862652229371887,5.263019405663636,0.21839080459770116,0.3409090909090909,0.22988505747126436,0.3181818181818182,20.641744558980267,88
0.45,1.0,1.9924829800211408,5.3961059869462105,0.26262626262626265,0.2,0.23232323232323232,0.3,22.584874182788933,100
0.4939759036144578,0.36065573770491804,1.796832423476163,4.849686738634776,0.10975609756097561,0.12048192771084336,0.25609756097560976,0.14457831325301204,22.81791927082545,83
0.4819277108433735,0.36065573770491804,1.791081019481595,4.824012919449921,0.10975609756097561,0.12048192771084336,0.25609756097560976,0.14457831325301204,22.332868938954274,83
0.43373493975903615,0.45614035087719296,1.7937383881234197,4.979912003891772,0.10975609756097561,0.12048192771084336,0.2926829268292683,0.12048192771084337,20.069805144694183,83
0.4819277108433735,0.4067796610169492,1.8051890964445931,4.974376435796628,0.10975609756097561,0.12048192771084336,0.3170731707317073,0.1686746987951807,22.158331180069005,83
0.46987951807228917,0.4067796610169492,1.7967789145523385,4.965056837004486,0.10975609756097561,0.12048192771084336,0.3048780487804878,0.1686746987951807,21.705496418417344,83
0.34615384615384615,0.39285714285714285,1.650922928897813,4.375632359747507,0.1038961038961039,0.12820512820512822,0.4155844155844156,0.1794871794871795,16.35447856039357,78
0.46987951807228917,0.38333333333333336,1.7913866124073385,4.965970836030992,0.10975609756097561,0.12048192771084336,0.3048780487804878,0.1686746987951807,21.77083269409809,83
0.43529411764705883,0.39344262295081966,1.8050278056346802,4.858010479560962,0.09523809523809523,0.11764705882352941,0.25,0.18823529411764706,20.498287830365204,85
0.5875,1.5806451612903225,1.887659821156923,5.036387116265302,0.3670886075949367,0.625,0.3037974683544304,0.2,24.898540814760516,80
0.5853658536585366,1.7333333333333334,1.816307403809747,3.9133567059307883,0.4,0.9756097560975611,0.375,0.04878048780487805,13.213615016953877,41
0.5595238095238095,1.0,1.9558715362173462,5.222264395718074,0.2289156626506024,0.11904761904761904,0.1686746987951807,0.16666666666666666,24.030195797369245,84
0.5454545454545454,0.9642857142857143,1.9222462796756745,4.9162308317584085,0.25925925925925924,0.18181818181818182,0.2222222222222222,0.14545454545454545,15.606732971973127,55
0.5294117647058824,0.9767441860465116,1.9964649451598908,5.374803889073988,0.20238095238095238,0.11764705882352941,0.19047619047619047,0.2823529411764706,22.539828494993984,85
0.5294117647058824,0.8888888888888888,1.9939136863104783,5.41980795526085,0.17857142857142858,0.0,0.23809523809523808,0.25882352941176473,22.56866871434083,85
0.5411764705882353,0.8085106382978723,1.9836436347654711,5.437998015553945,0.17857142857142858,0.11764705882352941,0.23809523809523808,0.23529411764705882,23.189637495447183,85
0.5647058823529412,0.8085106382978723,1.9758711211044342,5.390116467951089,0.16666666666666666,0.0,0.21428571428571427,0.23529411764705882,24.29307012701303,85
0.3333333333333333,0.625,1.8795324387773653,4.682162149295792,0.15789473684210525,0.0,0.34210526315789475,0.20512820512820512,6.9166101181240425,39
0.5079365079365079,0.8,1.9891117711637358,5.250249222737854,0.12903225806451613,0.0,0.22580645161290322,0.19047619047619047,16.087574552788332,63
0.5333333333333333,0.8367346938775511,1.9860549688622515,5.342343408139592,0.19101123595505617,0.1111111111111111,0.2696629213483146,0.2222222222222222,24.16850318045049,90
0.5494505494505495,0.82,1.968137203463862,5.2606888749279985,0.2222222222222222,0.10989010989010989,0.28888888888888886,0.1978021978021978,25.404720010008223,91
0.5111111111111111,0.6981132075471698,1.976712340646655,5.345350936622438,0.12359550561797752,0.0,0.16853932584269662,0.15555555555555556,23.270951358557497,90
0.6578947368421053,1.303030303030303,1.8401652776968995,4.97261840028665,0.28,0.39473684210526316,0.24,0.3157894736842105,27.171457604678313,76
0.6447368421052632,1.303030303030303,1.902379558302317,5.099467345528712,0.32,0.5263157894736842,0.26666666666666666,0.34210526315789475,25.757201831229587,76
0.631578947368421,1.303030303030303,1.8855509857295587,5.047111899840508,0.29333333333333333,0.5263157894736842,0.25333333333333335,0.3157894736842105,25.456736469362216,76
0.6842105263157895,0.8536585365853658,1.8926562350164557,5.231025960305869,0.2,0.13157894736842105,0.29333333333333333,0.3684210526315789,27.474599752103497,76
0.6052631578947368,1.1111111111111112,1.9355224097831902,5.116293190094071,0.21333333333333335,0.13157894736842105,0.16,0.3157894736842105,23.76618116189705,76
0.6052631578947368,1.1714285714285715,1.9262628135150215,5.192099142451325,0.24,0.13157894736842105,0.21333333333333335,0.3157894736842105,23.880425763727448,76
0.6842105263157895,1.4516129032258065,1.8330061482855633,4.760015785004879,0.3333333333333333,0.5263157894736842,0.26666666666666666,0.3157894736842105,28.368683694788814,76
0.5,0.6785714285714286,1.9611421923544268,5.3605867554082,0.11827956989247312,0.10638297872340426,0.1935483870967742,0.3191489361702128,23.965613619255777,94
0.5052631578947369,0.6379310344827587,1.9642538136068537,5.360140096143038,0.10638297872340426,0.0,0.1595744680851064,0.25263157894736843,24.436748057071185,95
0.5,1.2758620689655173,1.956163022765723,5.0121987351738495,0.26153846153846155,0.6060606060606061,0.23076923076923078,0.2727272727272727,16.869751010624835,66
0.5,1.0,1.9833761901392237,5.081954882778696,0.18461538461538463,0.30303030303030304,0.23076923076923078,0.24242424242424243,16.63828754513586,66
0.4772727272727273,1.2,1.9912946632147586,5.347264899824526,0.3103448275862069,0.22727272727272727,0.20689655172413793,0.25,21.09179504373297,88
0.5,1.3157894736842106,1.9865446300055645,5.52453364979937,0.3218390804597701,0.3409090909090909,0.2413793103448276,0.25,22.14900042335134,88
0.45454545454545453,1.0952380952380953,1.9912946632147581,5.452143388297245,0.25287356321839083,0.22727272727272727,0.22988505747126436,0.29545454545454547,20.08742385117426,88
0.5079365079365079,0.7027027027027027,1.9541379103693197,5.008365821063042,0.14516129032258066,0.0,0.1935483870967742,0.2222222222222222,16.375499116361286,63
0.5,0.7222222222222222,1.9532075077843694,4.989898095464287,0.09836065573770492,0.0,0.18032786885245902,0.1935483870967742,15.871321406010559,62
0.5342465753424658,0.825,1.94749528894032,5.0934975637343864,0.16666666666666666,0.136986301369863,0.2222222222222222,0.2191780821917808,20.02571210095648,73
0.4507042253521127,0.8205128205128205,1.9801425421904386,5.142884014994245,0.17142857142857143,0.0,0.2,0.30985915492957744,16.160444593123557,71
0.4819277108433735,0.7659574468085106,1.9856273782588296,5.425787039707987,0.15853658536585366,0.0,0.1951219512195122,0.21686746987951808,20.14475640959335,83
0.5301204819277109,0.9302325581395349,1.9720335704887106,5.237575774302597,0.2073170731707317,0.0,0.21951219512195122,0.26506024096385544,22.311982081072696,83
0.46987951807228917,0.8043478260869565,1.9844458488071008,5.252947533535146,0.14634146341463414,0.0,0.17073170731707318,0.21686746987951808,19.652831731645446,83
0.4578313253012048,0.8043478260869565,1.9703404187857494,5.270353824081035,0.14634146341463414,0.0,0.15853658536585366,0.1686746987951807,19.285997664007915,83
0.5,0.7727272727272727,1.98811083652183,5.253863368422077,0.18181818181818182,0.0,0.23376623376623376,0.20512820512820512,19.616602689831513,78
0.49382716049382713,0.7608695652173914,1.9732831460785671,5.344610653103468,0.1875,0.0,0.2125,0.24691358024691357,20.27077553908822,81
0.5,0.8571428571428571,1.9784820284039006,5.28714396069814,0.19480519480519481,0.0,0.16883116883116883,0.28205128205128205,19.712072047169606,78
0.5125,1.5806451612903225,1.9559369026561573,5.252974975106086,0.3670886075949367,0.0,0.17721518987341772,0.15,20.961810671147656,80
0.48148148148148145,0.975609756097561,1.9856263738161595,5.30638850109519,0.2625,0.1234567901234568,0.1875,0.2716049382716049,19.641147434952135,81
0.5432098765432098,1.025,1.9891945446863777,5.391893406185868,0.275,0.1234567901234568,0.2375,0.2222222222222222,22.119494545186694,81
0.5135135135135135,1.1764705882352942,1.9521000427548407,4.997973051336707,0.2328767123287671,0.13513513513513511,0.2465753424657534,0.16216216216216217,19.466205471809854,74
0.6,0.5573770491803278,1.832526747957421,5.048800112891604,0.11702127659574468,0.0,0.2978723404255319,0.21052631578947367,31.1045767593607,95
0.47368421052631576,0.7674418604651163,1.9583493731838,5.320609615482771,0.16,0.0,0.2,0.2894736842105263,18.382818770817188,76
0.44155844155844154,1.1388888888888888,1.9799333940075217,5.233762817388006,0.23684210526315788,0.12987012987012986,0.21052631578947367,0.23376623376623376,17.172286164079253,77
0.5064935064935064,1.0810810810810811,1.9956862961132766,5.395094356989471,0.23684210526315788,0.0,0.2236842105263158,0.2077922077922078,19.542139730986356,77
0.5066666666666667,1.1428571428571428,1.9812091688633195,5.146825031655119,0.25675675675675674,0.26666666666666666,0.24324324324324326,0.3466666666666667,19.180196325058112,75
0.4444444444444444,0.8409090909090909,1.9853274375338967,5.328849735409333,0.15,0.0,0.2125,0.24691358024691357,18.133019866837703,81
0.4567901234567901,0.9285714285714286,1.9924373927729693,5.251636248445918,0.175,0.0,0.1625,0.2716049382716049,18.570210318275077,81
0.5061728395061729,1.025,1.9943652621262196,5.319294197407265,0.2125,0.1234567901234568,0.2125,0.24691358024691357,20.557908935086665,81
0.5789473684210527,1.1714285714285715,1.8661830592761974,4.924404934145158,0.3333333333333333,0.5263157894736842,0.36,0.2894736842105263,23.577524296861412,76
0.52,0.9230769230769231,1.9148250077951747,4.8214640737850765,0.2702702702702703,0.13333333333333333,0.33783783783783783,0.29333333333333333,20.367385778777116,75
0.5,0.9512195121951219,1.995485166515309,5.365217122569721,0.189873417721519,0.0,0.20253164556962025,0.3,20.045240438750557,80
0.5125,0.9512195121951219,1.999097939521405,5.282009109804681,0.17721518987341772,0.0,0.13924050632911392,0.225,20.509240032819797,80
0.5125,0.9512195121951219,1.9972462988821524,5.26298419371027,0.16455696202531644,0.0,0.11392405063291139,0.225,20.528254073968437,80
0.4375,0.9512195121951219,1.9882413583054972,5.381180103311215,0.21518987341772153,0.0,0.17721518987341772,0.25,17.60348775077358,80
0.5,1.2222222222222223,1.9909520708329982,5.451818244392327,0.26582278481012656,0.125,0.21518987341772153,0.275,20.09088038587687,80
0.475,1.0512820512820513,1.997336807154562,5.509385231516342,0.25316455696202533,0.0,0.24050632911392406,0.35,19.025324541438177,80
0.6375,1.962962962962963,1.808721040047165,4.89093868077881,0.4430379746835443,0.5,0.3037974683544304,0.1,28.196704010235926,80
0.65,1.5,1.8577174691301483,4.924977424779497,0.379746835443038,0.375,0.3291139240506329,0.225,27.991324231355843,80
0.525,0.9512195121951219,1.9603613202406363,5.297972090546175,0.31645569620253167,0.25,0.35443037974683544,0.225,21.424610933577046,80
0.5,1.206896551724138,1.9758072009096144,5.174123278506224,0.25396825396825395,0.46875,0.23809523809523808,0.21875,16.195904028168307,64
0.72,2.5714285714285716,1.5993308322365363,3.670968891951065,0.5,1.2,0.4166666666666667,0.24,11.2547000173369,25
0.4155844155844156,1.0810810810810811,1.977464905686308,5.341761023656137,0.25,0.12987012987012986,0.23684210526315788,0.18181818181818182,16.182327041888463,77
0.5294117647058824,1.0,1.8305538171643134,4.1875,0.24242424242424243,0.29411764705882354,0.3333333333333333,0.058823529411764705,9.8330843912577,34
0.47368421052631576,1.303030303030303,1.9411341162677889,5.158796528306594,0.30666666666666664,0.39473684210526316,0.24,0.3157894736842105,18.54584964142889,76
0.3815789473684211,0.9487179487179487,1.955996706306043,5.449120088514215,0.22666666666666666,0.0,0.22666666666666666,0.2631578947368421,14.826193254984599,76
0.4782608695652174,1.2258064516129032,1.954904089926313,5.28057888474,0.27941176470588236,0.2898550724637681,0.22058823529411764,0.2608695652173913,16.880614905577787,69
0.42105263157894735,0.7272727272727273,1.9592989105296894,5.249729716863358,0.17333333333333334,0.0,0.21333333333333335,0.23684210526315788,16.332364345052678,76
0.4473684210526316,1.2352941176470589,1.9472930326664672,5.283381405994075,0.28,0.2631578947368421,0.24,0.21052631578947367,17.46012642653824,76
0.575,1.2857142857142858,1.9567918999211498,5.195739161686724,0.26582278481012656,0.0,0.189873417721519,0.375,23.507853080340592,80
0.6125,1.105263157894737,1.9514975835619985,5.257979584408178,0.25316455696202533,0.25,0.20253164556962025,0.275,25.10890882152838,80
0.5125,1.162162162162162,1.9884886827406263,5.165093526743606,0.21518987341772153,0.0,0.13924050632911392,0.4,20.61866368021178,80
0.575,1.2222222222222223,1.971099070932946,5.31393507128767,0.26582278481012656,0.0,0.1518987341772152,0.4,23.337222030653997,80
0.525,1.4242424242424243,1.975793486691807,5.272331064905149,0.3037974683544304,0.25,0.20253164556962025,0.4,21.25727158512481,80
0.6,2.076923076923077,1.87991836293335,4.940609231816339,0.43037974683544306,0.25,0.17721518987341772,0.325,25.533010056932838,80
0.525,1.7586206896551724,1.942835714654167,5.233618885307022,0.34177215189873417,0.25,0.189873417721519,0.3,21.617874360314513,80
0.4583333333333333,0.6,1.922111205616321,4.936364022545138,0.2,0.0,0.2631578947368421,0.25,22.891483583234155,96
0.5357142857142857,1.5454545454545454,1.9395526705885822,5.383475138997021,0.40963855421686746,0.35714285714285715,0.30120481927710846,0.38095238095238093,23.20121411558783,84
0.5476190476190477,1.4,1.8847153926048974,5.092325102644249,0.3855421686746988,0.47619047619047616,0.3253012048192771,0.2857142857142857,24.40685515364073,84
0.5454545454545454,1.3157894736842106,1.9691760312542101,5.257319115016275,0.28735632183908044,0.11363636363636363,0.27586206896551724,0.20454545454545456,24.375665183047456,88
0.575,2.3333333333333335,1.8649112214500145,5.028490680178819,0.46835443037974683,0.25,0.24050632911392406,0.275,24.666040294504523,80
0.5875,1.2857142857142858,1.961885233958652,5.073818969323559,0.3037974683544304,0.375,0.20253164556962025,0.3,23.956536921697243,80
0.55,0.2903225806451613,1.7525779239815467,4.5239860659612985,0.07692307692307693,0.0,0.3333333333333333,0.2,12.55292968491252,40
0.5128205128205128,1.1666666666666667,1.9836546298748559,4.722966879142466,0.34210526315789475,0.25641025641025644,0.2894736842105263,0.3076923076923077,10.082395199443845,39
0.5316455696202531,1.2571428571428571,1.9870316311863134,5.3375803715827645,0.2948717948717949,0.12658227848101264,0.19230769230769232,0.35443037974683544,21.13704593513637,79
0.5897435897435898,0.5918367346938775,1.9261322578427884,5.224579651459147,0.1038961038961039,0.12820512820512822,0.18181818181818182,0.358974358974359,23.882044408245473,78
0.5625,1.6666666666666667,1.9431028690783196,5.30926163569023,0.379746835443038,0.5,0.26582278481012656,0.375,23.15882373356862,80
0.5054945054945055,0.75,1.9850248600172438,5.4585500038542545,0.15555555555555556,0.0,0.2222222222222222,0.3076923076923077,23.173501628638935,91
0.6458333333333334,1.1333333333333333,1.9297364376946984,5.236361160207052,0.2631578947368421,0.10416666666666667,0.18947368421052632,0.25,32.12872320809944,96
0.4791666666666667,0.7142857142857143,1.9682411918327196,5.466250952488295,0.16842105263157894,0.0,0.23157894736842105,0.22916666666666666,23.37110757552012,96
0.59375,0.8461538461538461,1.9586099420987808,5.4610357929598585,0.2,0.10416666666666667,0.28421052631578947,0.22916666666666666,29.102257510580813,96
0.6041666666666666,0.8113207547169812,1.9484524315178917,5.272636793549785,0.17894736842105263,0.0,0.17894736842105263,0.25,29.76719846715383,96
0.4827586206896552,1.6363636363636365,1.9552890811715247,5.400279906598675,0.38372093023255816,0.1149425287356322,0.1744186046511628,0.1839080459770115,21.480188747664197,87
0.41379310344827586,1.2894736842105263,1.9642897624775397,5.443050165697494,0.32558139534883723,0.1149425287356322,0.20930232558139536,0.27586206896551724,18.327225626512426,87
0.4878048780487805,0.8222222222222222,1.9854003976178927,5.4714393446710154,0.18518518518518517,0.0,0.20987654320987653,0.1951219512195122,20.147059455076672,82
0.7066666666666667,1.4193548387096775,1.6884165008941912,4.6255408151481285,0.3783783783783784,0.6666666666666666,0.33783783783783783,0.13333333333333333,31.390340346467056,75
0.6794871794871795,1.6896551724137931,1.8254657974166173,4.853586792839588,0.36363636363636365,0.6410256410256411,0.3246753246753247,0.28205128205128205,29.033669675616714,78
0.5256410256410257,0.7727272727272727,1.9847432635088311,5.2823475399534,0.16883116883116883,0.0,0.22077922077922077,0.358974358974359,20.65757324700164,78
0.48717948717948717,0.8571428571428571,1.994699362280302,5.3889247171916885,0.2077922077922078,0.12820512820512822,0.24675324675324675,0.41025641025641024,19.050480322046543,78
0.46153846153846156,0.6956521739130435,1.9693766474594836,5.15021801390121,0.15584415584415584,0.0,0.2857142857142857,0.3076923076923077,18.279886565403213,78
0.5,0.8571428571428571,1.9938182629077397,5.35267619742638,0.2077922077922078,0.12820512820512822,0.24675324675324675,0.2564102564102564,19.560448996326432,78
0.5432098765432098,0.6875,1.9629195335436873,5.3051243812203825,0.2125,0.0,0.2875,0.24691358024691357,22.41557885207212,81
0.5432098765432098,0.7608695652173914,1.9522383285551526,5.290627583401057,0.25,0.1234567901234568,0.325,0.2962962962962963,22.53822026655118,81
0.5679012345679012,0.8,1.9658122013478674,5.325499577099329,0.2375,0.1234567901234568,0.275,0.24691358024691357,23.3999852928345,81
0.4444444444444444,0.723404255319149,1.9701533218853362,5.248286090135911,0.2125,0.0,0.2875,0.41975308641975306,18.27268026676705,81
0.5061728395061729,1.025,1.9507814191279327,5.272338425957307,0.2375,0.2469135802469136,0.2875,0.2962962962962963,21.01720806891853,81
0.49382716049382713,0.7608695652173914,1.8454830079036906,4.948900210966252,0.175,0.1234567901234568,0.2875,0.12345679012345678,21.674530816138866,81
0.5679012345679012,1.0769230769230769,1.9545879950977734,5.385688026493804,0.25,0.1234567901234568,0.225,0.24691358024691357,23.534359456320878,81
0.48148148148148145,0.8,1.98691194736513,5.249550210010721,0.1875,0.0,0.2125,0.2962962962962963,19.628439208531198,81
0.49382716049382713,0.8,1.895896554097443,5.070541229630008,0.2375,0.1234567901234568,0.3,0.1728395061728395,21.098186404403226,81
0.32786885245901637,0.7941176470588235,1.900611626512025,5.098496227217935,0.16666666666666666,0.0,0.21666666666666667,0.29508196721311475,10.522922830784141,61
0.4883720930232558,1.263157894736842,1.9696843784206246,5.371193166697601,0.3176470588235294,0.11627906976744186,0.2823529411764706,0.16279069767441862,21.323202405897607,86
0.62,1.5,1.8700448212144924,4.53778203183594,0.3673469387755102,0.2,0.3469387755102041,0.08,16.577133912080935,50
0.56,1.5,1.8733523561432806,4.8035088547976805,0.32653061224489793,0.0,0.22448979591836735,0.32,14.946459464350232,50
0.5774647887323944,1.0285714285714285,1.9810119549285177,5.358170289954729,0.21428571428571427,0.14084507042253522,0.17142857142857143,0.22535211267605634,20.696482523245,71
0.5652173913043478,1.0909090909090908,1.9860294776190122,5.215051130627117,0.25,0.14492753623188406,0.19117647058823528,0.14492753623188406,19.637160879200525,69
0.42105263157894735,0.9,1.6068322783181097,3.4548223999466066,0.2777777777777778,0.5263157894736842,0.4444444444444444,0.0,4.978736816039614,19
0.43023255813953487,0.72,1.9565185452355673,5.271117310071807,0.12941176470588237,0.0,0.24705882352941178,0.20930232558139536,18.911132316618467,86
0.4318181818181818,1.5142857142857142,1.9289061294054783,5.340403382780538,0.3333333333333333,0.22727272727272727,0.20689655172413793,0.20454545454545456,19.70027453406336,88
0.48314606741573035,1.542857142857143,1.9287279746824697,5.33485581775783,0.375,0.449438202247191,0.26136363636363635,0.1797752808988764,22.294475047785898,89
0.4482758620689655,1.4857142857142858,1.9424855383688782,5.259407336586474,0.3372093023255814,0.4597701149425288,0.23255813953488372,0.27586206896551724,20.07735921441629,87
0.4318181818181818,1.6666666666666667,1.8950985895389274,5.337325911774836,0.3793103448275862,0.11363636363636363,0.25287356321839083,0.18181818181818182,20.051716653711743,88
0.5,0.9545454545454546,1.9216866788969031,5.208675494621373,0.18823529411764706,0.0,0.18823529411764706,0.23255813953488372,22.376164697420073,86
0.618421052631579,0.9,1.9411341162677889,5.266555561428716,0.16,0.0,0.17333333333333334,0.39473684210526316,24.212637031865498,76
0.6704545454545454,1.5142857142857142,1.831878203578062,4.573193855841452,0.3333333333333333,0.5681818181818181,0.39080459770114945,0.1590909090909091,32.207363828772145,88
0.49382716049382713,0.8409090909090909,1.9355197044802435,5.249550210010721,0.1625,0.0,0.225,0.1728395061728395,20.666273374090014,81
0.6,1.0512820512820513,1.9577372527254715,5.252974975106085,0.21518987341772153,0.125,0.17721518987341772,0.175,24.518088632725366,80
0.5714285714285714,1.0,1.9634688265852156,5.256149238118271,0.2753623188405797,0.0,0.2608695652173913,0.2,20.372098138918858,70
0.6428571428571429,0.9444444444444444,1.9363381981857013,5.137033569440183,0.2608695652173913,0.14285714285714285,0.2463768115942029,0.2571428571428571,23.23972992033824,70
0.6428571428571429,0.9444444444444444,1.9396446320332534,5.127400892498217,0.2318840579710145,0.14285714285714285,0.21739130434782608,0.2571428571428571,23.200114111992864,70
0.6285714285714286,0.9444444444444444,1.950175729266375,5.265781915060234,0.2608695652173913,0.14285714285714285,0.2608695652173913,0.2571428571428571,22.562057755940966,70
0.5833333333333334,1.608695652173913,1.9396263984609161,5.008253193142325,0.3050847457627119,0.3333333333333333,0.2033898305084746,0.26666666666666666,18.044702826827624,60
0.5185185185185185,1.25,1.98691194736513,5.311824697840391,0.3125,0.2469135802469136,0.1625,0.2962962962962963,21.138319147648982,81
0.6125,1.0512820512820513,1.9468159691653284,5.161163956404416,0.25316455696202533,0.375,0.24050632911392406,0.2,25.169289551142597,80
0.6,1.105263157894737,1.9543516117607593,4.851707535326,0.25316455696202533,0.5,0.2911392405063291,0.075,24.560562772116523,80
0.6375,0.9512195121951219,1.944251029150228,4.9884981740408225,0.189873417721519,0.5,0.24050632911392406,0.275,26.231167171413738,80
0.55,1.5,1.9527241956246546,5.068766555285892,0.3898305084745763,0.0,0.2711864406779661,0.2,16.899459316621186,60
0.4647887323943662,1.0285714285714285,1.9844073188871563,5.235123550887004,0.2571428571428571,0.14084507042253522,0.2571428571428571,0.30985915492957744,16.62964203783735,71
0.4444444444444444,1.25,1.9529806705189046,4.926119285323969,0.3018867924528302,0.18518518518518517,0.3018867924528302,0.14814814814814814,12.288901817303403,54
0.5375,1.0,1.995485166515309,5.464388116076252,0.22784810126582278,0.0,0.17721518987341772,0.175,21.54863347165685,80
0.5333333333333333,0.875,1.993568887186093,5.232728193291529,0.1864406779661017,0.0,0.1694915254237288,0.2,16.05160682135289,60
0.4666666666666667,0.7647058823529411,1.9814670229214468,5.1637626760501485,0.2033898305084746,0.0,0.2711864406779661,0.1,14.130937101229229,60
0.525,0.7391304347826086,1.980568004571942,5.570345327697925,0.16455696202531644,0.0,0.21518987341772153,0.35,21.206027107890346,80
0.5375,1.105263157894737,1.9896177528032564,5.5737384367554945,0.2911392405063291,0.125,0.26582278481012656,0.25,21.61218069512841,80
0.525,1.3529411764705883,1.9818625242212384,4.879506460812009,0.3333333333333333,0.25,0.3333333333333333,0.25,10.596087845277756,40
0.5901639344262295,0.967741935483871,1.9668803111438047,5.187396439045673,0.2833333333333333,0.0,0.23333333333333334,0.36065573770491804,18.303087123780156,61
0.5125,0.8604651162790697,1.97867087842631,5.432462154593264,0.21518987341772153,0.125,0.22784810126582278,0.275,20.720969680232372,80
0.4915254237288136,0.7352941176470589,1.9356310624606723,5.1132487859427425,0.1724137931034483,0.1694915254237288,0.2413793103448276,0.13559322033898305,14.982186213186482,59
0.5166666666666667,1.1428571428571428,1.9952878447252442,5.375222374437915,0.288135593220339,0.16666666666666666,0.2033898305084746,0.3,15.536597662013579,60
0.5578947368421052,1.2619047619047619,1.9651227099694322,5.346751789714688,0.3191489361702128,0.42105263157894735,0.2553191489361702,0.18947368421052632,26.970312215521748,95
0.5684210526315789,1.2619047619047619,1.9658461389279567,5.309012273539128,0.3191489361702128,0.42105263157894735,0.2553191489361702,0.21052631578947367,27.46907372942946,95
0.5684210526315789,1.2619047619047619,1.9569038518498167,5.309012273539128,0.3191489361702128,0.42105263157894735,0.2553191489361702,0.18947368421052632,27.594596614625925,95
0.5789473684210527,1.2619047619047619,1.9576272808083415,5.266001520850956,0.3191489361702128,0.42105263157894735,0.2553191489361702,0.21052631578947367,28.095221416238157,95
0.5473684210526316,1.2619047619047619,1.9629491285276255,5.295623967110778,0.3191489361702128,0.42105263157894735,0.24468085106382978,0.16842105263157894,26.490739242063317,95
0.5473684210526316,1.2619047619047619,1.9629491285276255,5.247341977909994,0.3191489361702128,0.42105263157894735,0.23404255319148937,0.21052631578947367,26.490739242063317,95
0.5578947368421052,1.2619047619047619,1.9651227099694322,5.209602461734436,0.3191489361702128,0.42105263157894735,0.23404255319148937,0.23157894736842105,26.970312215521748,95
0.5578947368421052,1.2619047619047619,1.95473027040801,5.222990768162785,0.3191489361702128,0.42105263157894735,0.23404255319148937,0.14736842105263157,27.113701408653135,95
0.5578947368421052,1.3170731707317074,1.9569038518498167,5.325246413370601,0.32978723404255317,0.42105263157894735,0.24468085106382978,0.21052631578947367,27.083585566206924,95
0.5789473684210527,1.3170731707317074,1.8874298166033312,5.1417905640305985,0.3191489361702128,0.42105263157894735,0.2872340425531915,0.16842105263157894,29.14014093453206,95
0.5789473684210527,1.375,1.9406218036874376,5.285983139667342,0.35106382978723405,0.42105263157894735,0.23404255319148937,0.16842105263157894,28.341416938671852,95
0.5263157894736842,0.6964285714285714,1.9716906081252992,5.498363246382535,0.1595744680851064,0.0,0.19148936170212766,0.23157894736842105,25.358935339558716,95
0.5925925925925926,0.7608695652173914,1.9418321825186209,5.164664534480388,0.0875,0.0,0.1375,0.24691358024691357,24.71891016804154,81
0.49382716049382713,0.975609756097561,1.9908781429925868,5.338405273411404,0.2375,0.0,0.15,0.2962962962962963,20.091626425838218,81
0.6125,0.9047619047619048,1.9181462133474314,4.962320687118174,0.17721518987341772,0.0,0.13924050632911392,0.15,25.545484548335708,80
0.5802469135802469,1.0769230769230769,1.9412761621580892,5.363721729107606,0.25,0.4938271604938272,0.2375,0.1728395061728395,24.210865360282092,81
0.5061728395061729,0.7608695652173914,1.8889561317550283,5.000797242233464,0.125,0.0,0.1625,0.1728395061728395,21.705098178647887,81
0.525,1.162162162162162,1.9935331987951432,4.8304798668704025,0.3037974683544304,0.0,0.189873417721519,0.2,21.068111109096627,80
0.43157894736842106,1.0212765957446808,1.9767356830589875,5.553688483239812,0.2127659574468085,0.0,0.20212765957446807,0.35789473684210527,20.7412551966976,95
0.4583333333333333,0.9591836734693877,1.986503486817855,5.474281670596417,0.17894736842105263,0.0,0.16842105263157894,0.4166666666666667,22.14945915902903,96
0.5408163265306123,0.8846153846153846,1.9158770154225695,5.2787115588851385,0.20618556701030927,0.0,0.30927835051546393,0.20408163265306123,27.663556642623846,98
0.5154639175257731,0.8653846153846154,1.9476609368971711,5.344554261026652,0.16666666666666666,0.0,0.21875,0.24742268041237114,25.671806309289597,97
0.49473684210526314,0.7924528301886793,1.9464452149531017,5.330517649883214,0.1595744680851064,0.0,0.23404255319148937,0.2736842105263158,24.146570112718184,95
0.5567010309278351,0.7962962962962963,1.9343638515721475,5.090431003657429,0.15625,0.0,0.19791666666666666,0.2268041237113402,27.916139996087974,97
0.5520833333333334,0.8113207547169812,1.9332846146622331,5.123255474613974,0.16842105263157894,0.0,0.21052631578947367,0.20833333333333334,27.41446974934415,96
0.5054945054945055,0.6545454545454545,1.87708935326064,5.194685470647917,0.17777777777777778,0.21978021978021978,0.3333333333333333,0.21978021978021978,24.50601268079329,91
0.40816326530612246,0.8846153846153846,1.9598222700764178,5.198101883546503,0.1875,0.0,0.1875,0.32653061224489793,10.205001800606315,49
0.6025641025641025,1.1081081081081081,1.8592460706939262,4.8857460998208175,0.2727272727272727,0.25641025641025644,0.2987012987012987,0.20512820512820512,25.279050181565275,78
0.5444444444444444,1.3076923076923077,1.9792072171975024,5.209280840587924,0.3146067415730337,0.2222222222222222,0.25842696629213485,0.2,24.757374981689637,90
0.4745762711864407,1.1851851851851851,1.8126575176761086,4.879126365452455,0.27586206896551724,0.0,0.22413793103448276,0.06779661016949153,15.4469249044751,59
0.5147058823529411,0.9428571428571428,1.906246945130485,4.820242793305861,0.1791044776119403,0.0,0.208955223880597,0.29411764705882354,18.36067552985832,68
0.6266666666666667,0.9230769230769231,1.95135418153586,5.114080380620006,0.17567567567567569,0.0,0.14864864864864866,0.3466666666666667,24.085825299629743,75
0.527027027027027,0.8048780487804879,1.9886528691939414,5.322431251322122,0.1232876712328767,0.0,0.1780821917808219,0.43243243243243246,19.611255937569375,74
0.5657894736842105,1.054054054054054,1.9793520959064108,5.30905889964124,0.25333333333333335,0.2631578947368421,0.2,0.3684210526315789,21.724269453959597,76
0.5657894736842105,1.2352941176470589,1.957875256621177,5.30905889964124,0.30666666666666664,0.2631578947368421,0.26666666666666666,0.3157894736842105,21.9625728922254,76
0.4823529411764706,0.9767441860465116,1.986948553607476,5.308421057696555,0.19047619047619047,0.0,0.16666666666666666,0.1411764705882353,20.634645668563156,85
0.55,1.5,1.8710547197855452,4.940407185664233,0.3898305084745763,0.5,0.3389830508474576,0.2,17.637101691328766,60
0.4235294117647059,0.8888888888888888,1.9382238753520342,5.216738642341894,0.20238095238095238,0.0,0.27380952380952384,0.3058823529411765,18.573696198931213,85
0.6197183098591549,1.6296296296296295,1.8973756825792922,4.990851768680143,0.38571428571428573,0.28169014084507044,0.2571428571428571,0.22535211267605634,23.189912896044678,71
0.6197183098591549,1.0285714285714285,1.953923178512472,5.235123550887003,0.2571428571428571,0.14084507042253522,0.24285714285714285,0.14084507042253522,22.51878577678348,71
0.5633802816901409,1.1515151515151516,1.957374509099898,5.012500501626859,0.2714285714285714,0.0,0.2,0.22535211267605634,20.435526966613608,71
0.5555555555555556,1.4,1.8955981159565878,5.029372753235097,0.323943661971831,0.1388888888888889,0.22535211267605634,0.19444444444444445,21.101508047398806,72
0.4647887323943662,1.84,1.8273023443429108,4.641578356069855,0.37142857142857144,0.0,0.3,0.14084507042253522,18.059398896282673,71
0.4647887323943662,0.918918918918919,1.7904910826589282,4.764018660645314,0.2,0.14084507042253522,0.3142857142857143,0.08450704225352113,18.43068747391171,71
0.4482758620689655,1.9,1.822744329723164,4.301669023637949,0.42105263157894735,0.0,0.40350877192982454,0.06896551724137931,14.264197842684279,58
0.4482758620689655,1.0,1.7564739887465632,4.330050351464737,0.2807017543859649,0.1724137931034483,0.42105263157894735,0.06896551724137931,14.802374167908784,58
0.5131578947368421,1.4516129032258065,1.9673379890728275,5.192099142451325,0.3333333333333333,0.13157894736842105,0.24,0.2894736842105263,19.82373155649196,76
0.47368421052631576,1.7142857142857142,1.9312952802328744,5.41189187902552,0.4,0.13157894736842105,0.28,0.42105263157894735,18.640330004497883,76
0.6447368421052632,0.38181818181818183,1.771859848101534,4.868573205972221,0.08,0.13157894736842105,0.38666666666666666,0.2631578947368421,27.654541863432,76
0.575,1.5,1.8924527411499037,4.343597829848842,0.28205128205128205,0.25,0.2564102564102564,0.15,12.153533531564479,40
0.5625,1.0512820512820513,1.980432010793153,5.067534033481597,0.20253164556962025,0.125,0.17721518987341772,0.275,22.72230353400226,80
0.55,4.0,1.7128876215181605,4.398857447483312,0.6666666666666666,0.5,0.38461538461538464,0.15,12.843800655585563,40
0.55,1.5806451612903225,1.953828562011179,5.275222891689543,0.4050632911392405,0.25,0.25316455696202533,0.275,22.519876275548057,80
0.5569620253164557,1.5483870967741935,1.9538078538797872,5.279265761249348,0.3974358974358974,0.2531645569620253,0.24358974358974358,0.3037974683544304,22.520114960389677,79
0.5873015873015873,0.9090909090909091,1.975822912407058,5.3281981981831565,0.24193548387096775,0.15873015873015872,0.1935483870967742,0.25396825396825395,18.726365121740304,63
0.5714285714285714,1.032258064516129,1.9694654837736065,4.9508285259101426,0.24193548387096775,0.0,0.16129032258064516,0.25396825396825395,18.279062018370585,63
0.6166666666666667,0.875,1.956911795397399,5.280226253673658,0.22033898305084745,0.16666666666666666,0.1864406779661017,0.36666666666666664,18.9073320420935,60
0.5873015873015873,1.032258064516129,1.975822912407058,5.1582879034847915,0.24193548387096775,0.15873015873015872,0.16129032258064516,0.25396825396825395,18.726365121740304,63
0.6190476190476191,1.032258064516129,1.954156430719598,5.205087132538453,0.24193548387096775,0.15873015873015872,0.1935483870967742,0.31746031746031744,19.957450401341852,63
0.5873015873015873,1.1,1.9751074969813227,5.049189181647846,0.25806451612903225,0.15873015873015872,0.14516129032258066,0.3492063492063492,18.733148106318882,63
0.5714285714285714,1.1,1.954038458042182,5.127138157093149,0.22580645161290322,0.15873015873015872,0.1935483870967742,0.2222222222222222,18.423374129849773,63
0.6129032258064516,0.7714285714285715,1.9498905079535689,5.306890595608518,0.16393442622950818,0.0,0.19672131147540983,0.1935483870967742,19.488263754674943,62
0.625,1.0,1.8263620488398717,4.867741611360136,0.22784810126582278,0.5,0.25316455696202533,0.25,27.376813187148425,80
0.6375,0.9047619047619048,1.8758774745753186,4.920303989182058,0.21518987341772153,0.5,0.21518987341772153,0.325,27.1872622300578,80
0.6375,0.8604651162790697,1.8815829655489362,5.181056507485101,0.24050632911392406,0.625,0.26582278481012656,0.275,27.104822816196343,80
0.5333333333333333,1.2222222222222223,1.9812136605040844,5.245743495052969,0.3220338983050847,0.16666666666666666,0.22033898305084745,0.36666666666666664,16.151707655877217,60
0.4020618556701031,0.94,1.9658020321254372,5.394605708417847,0.23958333333333334,0.0,0.22916666666666666,0.35051546391752575,19.83922059466608,97
0.41836734693877553,1.0,1.9655019557179467,5.359454787265483,0.20618556701030927,0.2040816326530612,0.21649484536082475,0.2857142857142857,20.859800734832156,98
0.3877551020408163,0.96,1.9558067555758984,5.364561297637078,0.21649484536082475,0.0,0.18556701030927836,0.30612244897959184,19.42931246267131,98
0.5294117647058824,0.7,1.962611300955514,5.252505293502538,0.208955223880597,0.14705882352941177,0.3283582089552239,0.20588235294117646,18.34289940120782,68
0.5733333333333334,0.7441860465116279,1.9629707065830855,5.24435127109024,0.1891891891891892,0.13333333333333333,0.1891891891891892,0.26666666666666666,21.905562803474858,75
0.5319148936170213,1.5405405405405406,1.9455002615693735,5.276081999855837,0.3763440860215054,0.3191489361702127,0.21505376344086022,0.2765957446808511,25.700317438841754,94
0.5212765957446809,1.5405405405405406,1.9635166061983687,5.236565999601492,0.3870967741935484,0.0,0.16129032258064516,0.3404255319148936,24.95521295318076,94
0.6063829787234043,1.6857142857142857,1.8798132668826248,5.027205946027144,0.40860215053763443,0.3191489361702127,0.24731182795698925,0.23404255319148937,30.32214458853188,94
0.6276595744680851,1.5405405405405406,1.8630343741261615,5.114336515929356,0.34408602150537637,0.3191489361702127,0.1935483870967742,0.2978723404255319,31.668749192523183,94
0.5466666666666666,0.6304347826086957,1.9344653660741469,4.783945237193844,0.12162162162162163,0.0,0.1891891891891892,0.18666666666666668,21.19447549931116,75
0.5641025641025641,1.4375,1.8919522882632305,4.702564514219128,0.34210526315789475,0.0,0.23684210526315788,0.20512820512820512,11.62819406614182,39
0.5277777777777778,1.7692307692307692,1.8961938265065172,4.653495561774943,0.37142857142857144,0.0,0.17142857142857143,0.2222222222222222,10.02006741839125,36
0.5641025641025641,0.7727272727272727,1.9298119255130641,4.756618568273184,0.18421052631578946,0.25641025641025644,0.23684210526315788,0.15384615384615385,11.400068736792731,39
0.5277777777777778,0.6363636363636364,1.9372084335271702,4.712319091186707,0.11428571428571428,0.0,0.17142857142857143,0.16666666666666666,9.807922505005454,36
0.6666666666666666,0.8947368421052632,1.8877176641966327,4.233946664525225,0.14285714285714285,0.2777777777777778,0.22857142857142856,0.4444444444444444,12.713758917149775,36
0.5052631578947369,1.2093023255813953,1.964412950717566,5.3008952036233925,0.2978723404255319,0.10526315789473684,0.22340425531914893,0.2736842105263158,24.434768436900196,95
0.5121951219512195,1.0,1.9368236744593483,5.126318838740555,0.2716049382716049,0.24390243902439027,0.2222222222222222,0.21951219512195122,21.684977764817056,82
0.4888888888888889,0.8,1.9620266542928908,5.2417212152728485,0.20224719101123595,0.0,0.15730337078651685,0.3333333333333333,22.4257797303359,90
0.4791666666666667,0.8823529411764706,1.9709968450249387,5.443911958125425,0.21052631578947367,0.10416666666666667,0.16842105263157894,0.2916666666666667,23.338432416915186,96
0.5192307692307693,1.08,1.993412757401527,5.148758439731457,0.2549019607843137,0.0,0.19607843137254902,0.3076923076923077,13.544604024001165,52
0.59,1.3255813953488371,1.9554916616013671,5.267635676070875,0.3333333333333333,0.4,0.30303030303030304,0.3,30.171424909201384,100
0.4794520547945205,1.0277777777777777,1.9951966865630721,5.258420182671664,0.19444444444444445,0.0,0.19444444444444445,0.2465753424657534,17.542121382613974,73
0.3835616438356164,0.7804878048780488,1.917208136039559,5.037159535565371,0.1388888888888889,0.0,0.2638888888888889,0.1643835616438356,14.604562159473383,73
0.5125,1.2222222222222223,1.991954458392506,5.371502058411683,0.26582278481012656,0.125,0.16455696202531644,0.225,20.582789553480634,80
0.5625,1.2222222222222223,1.961885233958652,5.394251257268314,0.27848101265822783,0.25,0.189873417721519,0.275,22.937109818646295,80
0.5625,1.4242424242424243,1.8243573256384544,4.732419091335216,0.34177215189873417,0.5,0.34177215189873417,0.2,24.666206943886287,80
0.4675324675324675,0.8780487804878049,1.974124636251845,5.275699444424362,0.2631578947368421,0.12987012987012986,0.34210526315789475,0.3116883116883117,18.23592143220989,77
0.47435897435897434,0.8571428571428571,1.9867452816833604,5.366091329119193,0.24675324675324675,0.0,0.3116883116883117,0.20512820512820512,18.623414746572514,78
0.5063291139240507,0.8809523809523809,1.9940150810027892,5.248557605709084,0.2692307692307692,0.12658227848101264,0.34615384615384615,0.20253164556962025,20.0600187636822,79
0.5230769230769231,1.1666666666666667,1.9939295478588566,4.976969605902237,0.21875,0.15384615384615385,0.140625,0.27692307692307694,17.05174738232996,65
0.5375,1.162162162162162,1.9896177528032561,5.397143084052708,0.2911392405063291,0.125,0.20253164556962025,0.25,21.612180695128412,80
0.675,1.2857142857142858,1.8841007107043217,5.150742046246636,0.3037974683544304,0.5,0.3037974683544304,0.275,28.660873079836826,80
0.6909090909090909,1.037037037037037,1.8899681328575748,4.8500086618654485,0.18518518518518517,0.5454545454545454,0.24074074074074073,0.2909090909090909,20.106148475845835,55
0.49411764705882355,1.1794871794871795,1.8818246987407126,5.130962552236307,0.2619047619047619,0.23529411764705882,0.23809523809523808,0.18823529411764706,22.3187514274599,85
0.5,0.9047619047619048,1.9320850627280652,4.9513623156787725,0.2911392405063291,0.0,0.21518987341772153,0.325,20.703011512603553,80
0.5375,1.0512820512820513,1.995485166515309,5.318939680589761,0.3291139240506329,0.125,0.22784810126582278,0.45,21.54863347165685,80
0.5875,2.2,1.8728128666040345,4.665174059311671,0.5569620253164557,0.25,0.24050632911392406,0.35,25.095926956812267,80
0.5540540540540541,1.1764705882352942,1.9125632299471258,5.105630689177167,0.273972602739726,0.4054054054054054,0.2465753424657534,0.24324324324324326,21.437188544059236,74
0.5,0.6595744680851063,1.964969685984673,5.342743467134755,0.15584415584415584,0.0,0.3116883116883117,0.20512820512820512,19.84762433260249,78
0.5256410256410257,1.1081081081081081,1.995820281082269,5.070167316018231,0.35064935064935066,0.12820512820512822,0.36363636363636365,0.1794871794871795,20.542921547447893,78
0.4342105263157895,1.1111111111111112,1.9851991557026076,5.391489514102184,0.22666666666666666,0.0,0.2,0.23684210526315788,16.62300897227189,76
0.5106382978723404,0.8431372549019608,1.9618553570748232,5.330642326036858,0.17204301075268819,0.0,0.22580645161290322,0.2765957446808511,24.466623066924836,94
0.5111111111111111,0.8,1.9475145179305953,5.142233857293718,0.19101123595505617,0.0,0.19101123595505617,0.24444444444444444,23.619837468036714,90
0.5888888888888889,0.7307692307692307,1.94236829478157,5.180507329501112,0.15730337078651685,0.0,0.19101123595505617,0.28888888888888886,27.286263298329242,90
0.5333333333333333,1.3076923076923077,1.9501581213881256,5.0617757270499,0.30337078651685395,0.3333333333333333,0.2247191011235955,0.3111111111111111,24.613376146369813,90
0.6419753086419753,2.24,1.830585314332976,4.805000646988395,0.5125,0.3703703703703704,0.3125,0.12345679012345678,28.406199474373118,81
0.6410256410256411,2.25,1.8258890833129926,4.768932408260586,0.5194805194805194,0.38461538461538464,0.3116883116883117,0.23076923076923078,27.383904681314295,78
0.654320987654321,2.24,1.8154832627390365,4.773478811600128,0.5125,0.3703703703703704,0.3125,0.14814814814814814,29.193312818938157,81
0.5714285714285714,1.2105263157894737,1.9553658776363265,5.24787251120722,0.26506024096385544,0.11904761904761904,0.18072289156626506,0.23809523809523808,24.547822993720256,84
0.5714285714285714,1.5454545454545454,1.9505627476990113,5.127139163281731,0.3614457831325301,0.23809523809523808,0.24096385542168675,0.19047619047619047,24.608270330371592,84
0.5476190476190477,1.5454545454545454,1.9526477555422685,5.175919651086608,0.3614457831325301,0.23809523809523808,0.27710843373493976,0.16666666666666666,23.557744253510347,84
0.6352941176470588,1.2972972972972974,1.9339574323569173,5.2993260275500065,0.27380952380952384,0.23529411764705882,0.2261904761904762,0.21176470588235294,27.92200654188319,85
0.5476190476190477,1.3333333333333333,1.973724568406339,5.302631352617867,0.3493975903614458,0.23809523809523808,0.26506024096385544,0.23809523809523808,23.306178293643,84
0.5647058823529412,1.0731707317073171,1.9848238648073644,5.356613828780891,0.2261904761904762,0.11764705882352941,0.21428571428571427,0.09411764705882353,24.183493894640726,85
0.5238095238095238,1.4705882352941178,1.8357222527245871,4.84913024276795,0.3253012048192771,0.35714285714285715,0.24096385542168675,0.19047619047619047,23.968754513892573,84
0.5555555555555556,1.7692307692307692,1.7540691193139848,4.101881223476018,0.37142857142857144,0.2777777777777778,0.22857142857142856,0.16666666666666666,11.402052734255562,36
0.5949367088607594,1.0256410256410255,1.972499074227703,5.27453163168311,0.24358974358974358,0.12658227848101264,0.19230769230769232,0.3291139240506329,23.82762901461588,79
0.6125,1.2222222222222223,1.955936902656157,5.227333949465059,0.25316455696202533,0.25,0.16455696202531644,0.375,25.05192007039598,80
0.5421686746987951,1.024390243902439,1.9946699601398397,5.450478397732678,0.21951219512195122,0.12048192771084336,0.24390243902439024,0.1686746987951807,22.560111867696317,83
0.5421686746987951,0.9302325581395349,1.9910038316006409,5.283691052000245,0.2073170731707317,0.12048192771084336,0.2682926829268293,0.26506024096385544,22.601652836684917,83
0.45454545454545453,0.7906976744186046,1.983741494245363,5.298492857018317,0.25,0.12987012987012986,0.3026315789473684,0.2077922077922078,17.64341899290431,77
0.5333333333333333,0.8292682926829268,1.9889358976204525,5.353940312186131,0.20270270270270271,0.13333333333333333,0.20270270270270271,0.16,20.1112463888903,75
0.5056179775280899,1.119047619047619,1.9930767107514755,5.416688179582701,0.2840909090909091,0.2247191011235955,0.2727272727272727,0.24719101123595505,22.57814622944786,89
0.5714285714285714,1.434782608695652,1.9236720524194144,4.9563798081122865,0.2909090909090909,0.17857142857142858,0.21818181818181817,0.21428571428571427,16.63484341050233,56
0.5454545454545454,1.75,1.9073871804249096,5.048991824773325,0.41379310344827586,0.5681818181818181,0.3103448275862069,0.22727272727272727,25.165302214102546,88
0.4305555555555556,1.1818181818181819,1.96982221616199,5.109510474298478,0.29577464788732394,0.2777777777777778,0.23943661971830985,0.25,15.737452856505826,72
0.5795454545454546,1.3783783783783783,1.953978260264367,5.2377415057653005,0.3448275862068966,0.3409090909090909,0.26436781609195403,0.20454545454545456,26.100584093763548,88
0.52,1.0833333333333333,1.9794623904035775,5.440285518300916,0.29292929292929293,0.4,0.23232323232323232,0.32,26.269745756398216,100
0.53,1.0408163265306123,1.9683039252607746,5.409473783518733,0.2727272727272727,0.3,0.2828282828282828,0.26,26.926722236890303,100
0.5967741935483871,1.2142857142857142,1.9657745859865567,5.035812887167012,0.2786885245901639,0.3225806451612903,0.29508196721311475,0.3548387096774194,18.822087456860416,62
0.6125,1.162162162162162,1.9582678811053378,5.22605362292519,0.22784810126582278,0.125,0.189873417721519,0.325,25.02210011749874,80
0.4375,1.0,1.9882413583054972,5.30926163569023,0.22784810126582278,0.0,0.189873417721519,0.45,17.60348775077358,80
0.4691358024691358,1.131578947368421,1.9932858588354365,5.4520818555803405,0.2875,0.0,0.2375,0.24691358024691357,19.063989626762115,81
0.6428571428571429,1.4137931034482758,1.9006156568994284,5.002544642561851,0.3188405797101449,0.2857142857142857,0.2318840579710145,0.2,23.67652616146739,70
0.7,1.3076923076923077,1.8497120352661516,4.556533694173019,0.2711864406779661,0.16666666666666666,0.1694915254237288,0.36666666666666664,22.70622480311207,60
0.5121951219512195,0.5471698113207547,1.9368236744593483,5.123010557409426,0.07407407407407407,0.0,0.2345679012345679,0.12195121951219512,21.684977764817056,82
0.6375,1.5806451612903225,1.9067150815706402,4.8993363991384715,0.35443037974683544,0.375,0.22784810126582278,0.2,26.747558534246593,80
0.5875,0.9047619047619048,1.9658964271842336,5.14412593670002,0.2911392405063291,0.25,0.3037974683544304,0.3,23.90765629482428,80
0.5375,1.5,1.9656787365317685,5.039780225322873,0.4050632911392405,0.375,0.3037974683544304,0.375,21.875384479400953,80
0.39473684210526316,0.6170212765957447,1.9216209015311445,5.341011980406109,0.12,0.0,0.22666666666666666,0.15789473684210525,15.611812071925316,76
0.36363636363636365,0.75,1.8187843438154858,4.844946024604937,0.14473684210526316,0.0,0.2236842105263158,0.2597402597402597,15.394889834146683,77
0.5657894736842105,1.1111111111111112,1.9712858671193751,5.279804885636097,0.26666666666666666,0.0,0.21333333333333335,0.21052631578947367,21.813162111121624,76
0.5,1.105263157894737,1.9320850627280652,5.0822166876832195,0.3291139240506329,0.25,0.379746835443038,0.225,20.703011512603553,80
0.5666666666666667,1.368421052631579,1.9238612129480064,5.412397919916643,0.34831460674157305,0.4444444444444444,0.2808988764044944,0.2,26.50917495897525,90
0.5925925925925926,1.793103448275862,1.9067394283513985,4.965190799292872,0.45,0.617283950617284,0.275,0.1728395061728395,25.173851294222388,81
0.49382716049382713,1.3823529411764706,1.967113837988624,5.252900368320725,0.3625,0.3703703703703704,0.2625,0.19753086419753085,20.334349183650115,81
0.5263157894736842,0.8536585365853658,1.9931428201190322,5.384864851998494,0.2,0.2631578947368421,0.21333333333333335,0.2894736842105263,20.068797643318668,76
0.47368421052631576,0.7674418604651163,1.981656578259485,5.303783770917413,0.18666666666666668,0.0,0.18666666666666668,0.3157894736842105,18.166609809359322,76
0.46987951807228917,0.7291666666666666,1.9754473016603584,5.252947533535145,0.15853658536585366,0.0,0.18292682926829268,0.2891566265060241,19.742354161949272,83
0.5263157894736842,0.9487179487179487,1.9928242169760941,5.235952014043711,0.25333333333333335,0.2631578947368421,0.21333333333333335,0.34210526315789475,20.072006144470542,76
0.5394736842105263,1.054054054054054,1.9931428201190322,5.194326129429441,0.22666666666666666,0.0,0.2,0.21052631578947367,20.570517584401635,76
0.5263157894736842,1.054054054054054,1.99705134652641,5.24615319650538,0.24,0.0,0.24,0.2631578947368421,20.029520042163313,76
0.5263157894736842,1.0,1.9899708353681986,5.154870932962629,0.24,0.13157894736842105,0.29333333333333333,0.2894736842105263,20.100787000635574,76
0.47692307692307695,0.8571428571428571,1.9794628470277833,5.286648574224886,0.1875,0.0,0.1875,0.24615384615384617,15.660806357513076,65
0.46153846153846156,0.8055555555555556,1.9714464455260576,5.139900756798909,0.203125,0.0,0.21875,0.24615384615384617,15.217245617214438,65
0.47692307692307695,0.8055555555555556,1.9862925862487395,5.21117416942864,0.171875,0.0,0.1875,0.18461538461538463,15.606957709885055,65
0.49230769230769234,0.8055555555555556,1.9770604252183483,5.21117416942864,0.15625,0.0,0.109375,0.18461538461538463,16.185637730737625,65
0.47692307692307695,0.9117647058823529,1.957231805192897,5.079989050278001,0.1875,0.0,0.1875,0.27692307692307694,15.838688130380467,65
0.47692307692307695,0.9696969696969697,1.9981048047724652,5.262683891616522,0.25,0.0,0.21875,0.18461538461538463,15.514693929599055,65
0.484375,1.0,1.998590199447132,5.131300342505359,0.25396825396825395,0.15625,0.20634920634920634,0.28125,15.510925900492055,64
0.453125,0.7297297297297297,1.9668821908001721,5.066784213473101,0.1746031746031746,0.0,0.2222222222222222,0.15625,14.744139426094822,64
0.4375,0.6842105263157895,1.9553638032014455,5.010174939209763,0.15873015873015872,0.0,0.20634920634920634,0.15625,14.319578604543075,64
0.4375,0.7297297297297297,1.9668821908001721,5.05887735870418,0.1746031746031746,0.0,0.20634920634920634,0.125,14.235720825195001,64
0.6,1.0512820512820513,1.892006463860574,4.988498174040822,0.26582278481012656,0.5,0.26582278481012656,0.275,25.36987877524421,80
0.6125,1.6666666666666667,1.9062425555262226,5.046029982156391,0.4177215189873418,0.75,0.2911392405063291,0.2,25.705004933891278,80
0.4868421052631579,1.375,1.976319489727357,5.48634829800291,0.30666666666666664,0.13157894736842105,0.18666666666666668,0.3157894736842105,18.721659868589597,76
0.7333333333333333,1.0689655172413792,1.8355474144807642,4.665545487218431,0.2711864406779661,0.3333333333333333,0.2542372881355932,0.2,23.971037567236614,60
0.5178571428571429,1.1538461538461537,1.994332836598392,5.185352548419698,0.23636363636363636,0.17857142857142858,0.18181818181818182,0.39285714285714285,14.541196397421334,56
0.5357142857142857,1.1538461538461537,1.9766004603133167,5.259426622493774,0.2545454545454545,0.0,0.21818181818181817,0.35714285714285715,15.1775664454101,56
0.5116279069767442,1.0476190476190477,1.9893413598378613,5.487090041620334,0.25882352941176473,0.11627906976744186,0.24705882352941178,0.18604651162790697,22.117862107750103,86
0.5813953488372093,1.15,1.972371332594912,5.499227541723357,0.27058823529411763,0.23255813953488372,0.21176470588235294,0.3023255813953488,25.35018321526469,86
0.5232558139534884,1.0476190476190477,1.9916328836447184,5.552682601195656,0.25882352941176473,0.11627906976744186,0.25882352941176473,0.18604651162790697,22.594514167257167,86
0.5,1.0476190476190477,1.9933553400533257,5.442621738126173,0.25882352941176473,0.11627906976744186,0.24705882352941178,0.18604651162790697,21.571657378052976,86
0.5116279069767442,1.0476190476190477,1.9956468638601828,5.514050309554745,0.25882352941176473,0.11627906976744186,0.25882352941176473,0.18604651162790697,22.0479779007158,86
0.5930232558139535,1.15,1.9687094262380103,5.448457749979424,0.27058823529411763,0.23255813953488372,0.2235294117647059,0.27906976744186046,25.90528262577215,86
0.660377358490566,0.9629629629629629,1.92406822148435,4.853318724112331,0.25,0.37735849056603776,0.28846153846153844,0.18867924528301888,18.190613731141525,53
0.5714285714285714,1.3333333333333333,1.9461777242409477,4.680757755722091,0.3235294117647059,0.5714285714285714,0.38235294117647056,0.2857142857142857,10.276548474652778,35
0.4523809523809524,0.47368421052631576,1.872244220301324,5.128638590798975,0.12048192771084337,0.0,0.21686746987951808,0.21428571428571427,20.296486586241187,84
0.40476190476190477,0.7872340425531915,1.9358149765490253,5.314273040939613,0.20481927710843373,0.0,0.24096385542168675,0.2619047619047619,17.56365295662645,84
0.4523809523809524,1.0,1.9934472383802027,5.3418908763846185,0.2891566265060241,0.0,0.1686746987951807,0.19047619047619047,19.062446302030548,84
0.5357142857142857,0.9090909090909091,1.9943775352926045,5.201527766575753,0.1927710843373494,0.11904761904761904,0.1566265060240964,0.30952380952380953,22.563419733856012,84
0.5348837209302325,0.9545454545454546,1.904960037323931,4.963089893632198,0.21176470588235294,0.11627906976744186,0.25882352941176473,0.20930232558139536,24.147475511950788,86
0.5294117647058824,0.8085106382978723,1.8856402898318447,5.032591503605216,0.21428571428571427,0.11764705882352941,0.25,0.18823529411764706,23.86456015927237,85
0.5172413793103449,0.8125,1.9470752639982805,5.003434386188786,0.19298245614035087,0.0,0.24561403508771928,0.13793103448275862,15.40771697272691,58
0.5,0.7,1.9118788493840917,5.074104725156822,0.208955223880597,0.0,0.26865671641791045,0.14705882352941177,17.783544301151053,68
0.625,1.7586206896551724,1.8898490793923435,4.90868327033335,0.4430379746835443,0.625,0.25316455696202533,0.2,26.457125115488974,80
0.5698924731182796,1.1136363636363635,1.9787051711010517,5.258447558091984,0.30434782608695654,0.0,0.18478260869565216,0.27956989247311825,26.78517951480797,93
0.3673469387755102,0.75,1.9181244574395229,4.875719767497283,0.16494845360824742,0.0,0.23711340206185566,0.24489795918367346,18.768323969828266,98
0.5875,0.9047619047619048,1.9553011919214172,5.284900936589073,0.25316455696202533,0.0,0.20253164556962025,0.175,24.037205192213538,80
0.5434782608695652,1.1904761904761905,1.9566445640001542,4.8685225277282065,0.3111111111111111,0.6521739130434783,0.28888888888888886,0.34782608695652173,12.776969145546296,46
0.3977272727272727,1.3783783783783783,1.9465479729343191,5.40139306298794,0.3333333333333333,0.22727272727272727,0.28735632183908044,0.3409090909090909,17.98053914217188,88
0.603448275862069,1.2307692307692308,1.9115367034077024,4.855851127144314,0.2982456140350877,0.3448275862068966,0.22807017543859648,0.1724137931034483,18.309866416762496,58
0.603448275862069,1.1481481481481481,1.9464873387160508,5.173251796980338,0.2631578947368421,0.1724137931034483,0.17543859649122806,0.1724137931034483,17.98109924618753,58
0.4375,0.7777777777777778,1.9520271997107659,5.329898052029164,0.21518987341772153,0.25,0.31645569620253167,0.25,17.930068840801578,80
0.4125,0.6326530612244898,1.887659821156923,5.084777340762962,0.17721518987341772,0.25,0.379746835443038,0.275,17.481954189087173,80
0.6125,1.3529411764705883,1.9376072528406472,5.344580706230788,0.3037974683544304,0.125,0.22784810126582278,0.275,25.28890962771403,80
0.52,0.9736842105263158,1.9955545976825544,5.246073148063839,0.1891891891891892,0.0,0.14864864864864866,0.37333333333333335,19.54342943152816,75
0.5333333333333333,1.2727272727272727,1.9810237792355456,5.316202127224987,0.2702702702702703,0.13333333333333333,0.16216216216216217,0.29333333333333333,20.191569746762852,75
0.5066666666666667,1.2727272727272727,1.9860444709244516,5.350314798398591,0.25675675675675674,0.0,0.14864864864864866,0.4,19.133499487457357,75
0.5277777777777778,0.8,1.98605357463311,5.264578373902384,0.2112676056338028,0.0,0.352112676056338,0.16666666666666666,19.13341178301702,72
0.5555555555555556,0.9459459459459459,1.9757238246750282,5.075362481076148,0.22535211267605634,0.0,0.19718309859154928,0.2222222222222222,20.245734375777403,72
0.5833333333333334,1.5714285714285714,1.930871173175287,5.234580295757957,0.3380281690140845,0.1388888888888889,0.2676056338028169,0.2777777777777778,21.751828310276856,72
0.5277777777777778,0.8,1.98605357463311,5.3704342243912,0.2112676056338028,0.0,0.3380281690140845,0.19444444444444445,19.13341178301702,72
0.5735294117647058,1.0,1.9785947200716663,5.34341438441163,0.22388059701492538,0.0,0.1791044776119403,0.2647058823529412,19.710949338648824,68
0.5797101449275363,1.2258064516129032,1.9519232971501965,5.211100943963081,0.25,0.2898550724637681,0.16176470588235295,0.3188405797101449,20.49259802667546,69
0.5428571428571428,1.121212121212121,1.9923196003865034,5.167913944000622,0.2608695652173913,0.0,0.14492753623188406,0.4,19.073235498658264,70
0.5652173913043478,1.15625,1.9730912118779118,5.293336391788856,0.2647058823529412,0.14492753623188406,0.19117647058823528,0.2898550724637681,19.765928710894524,69
0.5857142857142857,1.0,1.9780893652444598,4.96056298120489,0.2028985507246377,0.14285714285714285,0.14492753623188406,0.4,20.72706116989406,70
0.5857142857142857,1.1875,1.9720415475420072,5.037696988526016,0.2608695652173913,0.0,0.13043478260869565,0.2857142857142857,20.790626475632187,70
0.6666666666666666,1.15625,1.9096361613712156,5.080430981244223,0.23529411764705882,0.14492753623188406,0.17647058823529413,0.37681159420289856,24.08834564518512,69
0.5571428571428572,1.1875,1.9659645003521413,5.306294966562639,0.2753623188405797,0.14285714285714285,0.2463768115942029,0.34285714285714286,19.83758107302207,70
0.525,0.6326530612244898,1.9408733809093293,5.163813200203737,0.11392405063291139,0.0,0.189873417721519,0.275,21.63973125366432,80
0.5333333333333333,0.6216216216216216,1.8944210074873564,4.9614292709896395,0.11864406779661017,0.0,0.1694915254237288,0.23333333333333334,16.891695658900634,60
0.5949367088607594,1.393939393939394,1.9505122613869323,5.20134368332727,0.3076923076923077,0.12658227848101264,0.2564102564102564,0.3291139240506329,24.0962217127302,79
0.6125,1.2222222222222223,1.9542065446026686,5.168486635801176,0.2911392405063291,0.125,0.25316455696202533,0.25,25.07410235690331,80
0.7441860465116279,1.15,1.8167381799544864,4.56817327348149,0.23809523809523808,0.46511627906976744,0.2619047619047619,0.32558139534883723,17.61397582717497,43
0.5131578947368421,0.8536585365853658,1.9949966436630775,5.5199999871336285,0.21333333333333335,0.13157894736842105,0.25333333333333335,0.2631578947368421,19.548895270067028,76
0.4868421052631579,1.8148148148148149,1.9353168068059867,5.146896737479076,0.41333333333333333,0.39473684210526316,0.26666666666666666,0.34210526315789475,19.11830701390803,76
0.4117647058823529,0.7586206896551724,1.9596561500401348,4.843802956139344,0.16,0.0,0.28,0.43137254901960786,10.716160221990826,51
0.5333333333333333,1.6470588235294117,1.9128758331561642,5.338938903476755,0.39325842696629215,0.2222222222222222,0.2247191011235955,0.17777777777777778,25.09309494893201,90
0.5222222222222223,1.1428571428571428,1.9730773001363735,5.481714572986073,0.30337078651685395,0.2222222222222222,0.2696629213483146,0.2222222222222222,23.820646143009885,90
0.5222222222222223,1.0454545454545454,1.9967251863999238,5.348358465105283,0.23595505617977527,0.1111111111111111,0.15730337078651685,0.15555555555555556,23.53853038044265,90
0.4,1.2222222222222223,1.9634212546816494,4.879506460812009,0.28205128205128205,0.0,0.3333333333333333,0.25,8.149036694398808,40
0.54,0.7857142857142857,1.984898065224935,5.110902344426085,0.1836734693877551,0.0,0.24489795918367346,0.52,13.602706794030494,50
0.5084745762711864,0.9666666666666667,1.9977397145865754,5.244999224615146,0.20689655172413793,0.1694915254237288,0.2413793103448276,0.3050847457627119,15.016963803637742,59
0.5686274509803921,0.7586206896551724,1.962439131153051,4.997063670513364,0.18,0.0,0.3,0.5098039215686274,14.77752087293525,51
0.4915254237288136,0.9032258064516129,1.9959916221738792,5.244999224615146,0.20689655172413793,0.1694915254237288,0.25862068965517243,0.3050847457627119,14.529111820270893,59
0.4915254237288136,0.6857142857142857,1.9695907290860344,5.126492426331575,0.13793103448275862,0.1694915254237288,0.27586206896551724,0.4745762711864407,14.723863616881204,59
0.5901639344262295,0.6944444444444444,1.917172837033573,5.026213811853692,0.2,0.3278688524590164,0.3333333333333333,0.4262295081967213,18.77763993259083,61
0.575,1.162162162162162,1.8490643043768058,4.997639757658731,0.27848101265822783,0.375,0.26582278481012656,0.3,24.877433961427055,80
0.5125,0.8604651162790697,1.9668136509239562,5.334902661331256,0.17721518987341772,0.0,0.1518987341772152,0.2,20.84588905250391,80
0.525,0.8604651162790697,1.9938060990317588,5.262653020005617,0.1518987341772152,0.0,0.17721518987341772,0.3,21.065227433685145,80
0.40425531914893614,1.35,1.9572846428762725,5.430851901568092,0.3548387096774194,0.10638297872340426,0.24731182795698925,0.3191489361702128,19.41464197538291,94
0.5612244897959183,0.8148148148148148,1.9815175442646007,5.2497743183802665,0.1134020618556701,0.1020408163265306,0.20618556701030927,0.5714285714285714,27.756490172244185,98
0.4883720930232558,0.5925925925925926,1.9196879231157997,5.090126018192402,0.10588235294117647,0.0,0.2235294117647059,0.20930232558139536,21.87854474454686,86
0.4868421052631579,0.9,1.993142820119032,5.168648635782277,0.2,0.0,0.24,0.2894736842105263,18.563637820069772,76
0.5384615384615384,1.1081081081081081,1.992199041981958,5.3953750460821235,0.2727272727272727,0.0,0.19480519480519481,0.3076923076923077,21.082220216307157,78
0.5125,1.0,1.999097939521405,5.195739161686724,0.189873417721519,0.0,0.21518987341772153,0.525,20.509240032819797,80
0.45348837209302323,1.457142857142857,1.9686079458375358,5.432446107503871,0.32941176470588235,0.11627906976744186,0.2,0.32558139534883723,19.8109431954286,86
0.5,0.6,1.9370326766092503,5.052851379279971,0.10126582278481013,0.0,0.21518987341772153,0.175,20.65013142673876,80
0.691358024691358,1.53125,1.838792427227991,4.964863817660429,0.375,0.4938271604938272,0.3125,0.32098765432098764,30.454753193468203,81
0.4090909090909091,1.2,1.9400715293090895,5.159774413893478,0.2923076923076923,0.4545454545454546,0.2923076923076923,0.21212121212121213,13.91700546866431,66
0.5952380952380952,1.4705882352941178,1.9418355293703333,4.784183719779191,0.34146341463414637,0.23809523809523808,0.21951219512195122,0.23809523809523808,12.874410189464603,42
0.449438202247191,1.0227272727272727,1.9660805009242113,5.251578662610283,0.26136363636363635,0.11235955056179775,0.25,0.3146067415730337,20.345036551738517,89
0.5714285714285714,0.7027027027027027,1.9630613105238526,5.217462337491953,0.14516129032258066,0.0,0.1935483870967742,0.19047619047619047,18.338694501446177,63
0.6949152542372882,1.0344827586206897,1.8871196967845054,4.797459312258534,0.1896551724137931,0.1694915254237288,0.1724137931034483,0.5084745762711864,21.72622030475345,59
0.5,0.9047619047619048,1.9076794773030916,4.734512381750773,0.28205128205128205,0.5,0.38461538461538464,0.1,10.483935982966191,40
0.39473684210526316,0.9,1.9590727308354,5.185474480347636,0.22666666666666666,0.0,0.18666666666666668,0.21052631578947367,15.313359332937011,76
0.37333333333333335,0.8292682926829268,1.9056959934855158,5.211960476890235,0.1891891891891892,0.0,0.25675675675675674,0.18666666666666668,14.692786993795934,75
0.40789473684210525,0.6170212765957447,1.9242444343324596,5.391489514102185,0.13333333333333333,0.0,0.25333333333333335,0.21052631578947367,16.110211019289345,76
0.45,0.9047619047619048,1.9467230656818635,4.596483105491916,0.2564102564102564,0.25,0.23076923076923078,0.3,9.246302707875184,40
0.3815789473684211,1.054054054054054,1.93789466632524,5.290006068097765,0.24,0.13157894736842105,0.24,0.23684210526315788,14.964685923980433,76
0.3563218390804598,1.175,1.933979710785636,5.353221083069263,0.27906976744186046,0.1149425287356322,0.23255813953488372,0.20689655172413793,16.029115402814412,87
0.4791666666666667,1.2857142857142858,1.9829637987072906,5.5639567721163194,0.29473684210526313,0.10416666666666667,0.18947368421052632,0.2708333333333333,23.19758778874327,96
0.4915254237288136,1.2692307692307692,1.963441818631194,4.808216821944273,0.3448275862068966,0.5084745762711864,0.3275862068965517,0.13559322033898305,14.7699743149216,59
0.5609756097560976,1.0,1.9892452969285,5.424747626002145,0.24691358024691357,0.12195121951219513,0.20987654320987653,0.34146341463414637,23.12433612219181,82
0.6,0.9047619047619048,1.9497150925362368,4.6093837632727865,0.1794871794871795,0.0,0.1794871794871795,0.15,12.309484489498281,40
0.6363636363636364,2.142857142857143,1.786311831947582,4.4599064832851845,0.46511627906976744,0.6818181818181818,0.32558139534883723,0.09090909090909091,15.67474604628583,44
0.2894736842105263,1.1111111111111112,1.8369709740804443,5.013111135723806,0.29333333333333333,0.0,0.26666666666666666,0.3684210526315789,11.97623061778763,76
0.4375,1.1333333333333333,1.916615921862549,4.306890595608519,0.3225806451612903,0.0,0.3870967741935484,0.5,7.304537406669112,32
0.4861111111111111,1.0,1.971973760729691,5.193429088311724,0.23943661971830985,0.0,0.18309859154929578,0.3333333333333333,17.748705864292567,72
0.5368421052631579,1.065217391304348,1.9859965937648938,5.412619499597189,0.2872340425531915,0.21052631578947367,0.19148936170212766,0.23157894736842105,25.679789421757718,95
0.47368421052631576,0.8269230769230769,1.9910008786120512,5.385144697855861,0.22340425531914893,0.10526315789473684,0.22340425531914893,0.23157894736842105,22.60168635871403,95
0.3815789473684211,0.7272727272727273,1.909956435051121,5.183559487779037,0.2,0.2631578947368421,0.30666666666666664,0.18421052631578946,15.183584444238571,76
0.5176470588235295,1.1794871794871795,1.9889090592129417,5.41980795526085,0.25,0.0,0.15476190476190477,0.21176470588235294,22.122669547667652,85
0.5411764705882353,1.7419354838709677,1.928245844136728,5.257039581714743,0.36904761904761907,0.11764705882352941,0.19047619047619047,0.3764705882352941,23.855866866772498,85
0.5,0.9,1.965696401126023,5.347636642509798,0.22666666666666666,0.0,0.24,0.2631578947368421,19.33156139812375,76
0.5774647887323944,1.3666666666666667,1.9386499311099417,5.133390942065933,0.2857142857142857,0.28169014084507044,0.22857142857142856,0.19718309859154928,21.1487273660587,71
0.5473684210526316,0.9,1.9666415408949,5.441964187266013,0.22340425531914893,0.10526315789473684,0.18085106382978725,0.25263157894736843,26.44100232690886,95
0.5368421052631579,0.9387755102040817,1.9859965937648938,5.498363246382535,0.22340425531914893,0.0,0.18085106382978725,0.23157894736842105,25.679789421757718,95
0.4888888888888889,0.6981132075471698,1.975501814736666,5.294619192909822,0.12359550561797752,0.0,0.21348314606741572,0.28888888888888886,22.27281058360081,90
0.5444444444444444,0.5254237288135594,1.9212932096474318,5.227572209615616,0.11235955056179775,0.1111111111111111,0.3146067415730337,0.28888888888888886,25.503642156394033,90
0.6756756756756757,1.96,1.8222842523197378,4.961320140211009,0.4383561643835616,0.4054054054054054,0.3424657534246575,0.2702702702702703,27.438075315788712,74
0.6486486486486487,1.3125,1.868652271725252,4.956257251647117,0.3013698630136986,0.5405405405405405,0.2876712328767123,0.2702702702702703,25.686948309936355,74
0.64,1.5862068965517242,1.8568238311078857,4.95981839529343,0.35135135135135137,0.5333333333333333,0.28378378378378377,0.24,25.85058062335396,75
0.55,1.2857142857142858,1.9673951880725302,5.088170449820529,0.31645569620253167,0.0,0.20253164556962025,0.225,22.364585367580215,80
0.5641025641025641,1.6896551724137931,1.9363465957932602,5.297416579791909,0.4155844155844156,0.5128205128205129,0.3116883116883117,0.28205128205128205,22.72319293064456,78
0.4675324675324675,0.925,1.9815329015220342,5.568688357104856,0.2236842105263158,0.12987012987012986,0.2236842105263158,0.2857142857142857,18.167743671883724,77
0.4942528735632184,1.175,1.995148682031331,5.547223730077182,0.2558139534883721,0.1149425287356322,0.1744186046511628,0.20689655172413793,21.55226767558623,87
0.4329896907216495,1.5526315789473684,1.9526557883673554,5.419495476592587,0.3958333333333333,0.2061855670103093,0.25,0.28865979381443296,21.509156268632754,97
0.4675324675324675,1.4838709677419355,1.9688848581384097,5.358362523627291,0.35526315789473684,0.0,0.17105263157894737,0.2597402597402597,18.284452524860004,77
0.5394736842105263,1.1714285714285715,1.9199687489790878,5.222702689836331,0.26666666666666666,0.2631578947368421,0.24,0.2631578947368421,21.354503122666944,76
0.5,1.1111111111111112,1.965696401126023,5.42209306148719,0.25333333333333335,0.13157894736842105,0.25333333333333335,0.23684210526315788,19.33156139812375,76
0.5789473684210527,1.9230769230769231,1.8876489747143492,5.157097919940745,0.41333333333333333,0.5263157894736842,0.28,0.23684210526315788,23.309406187266447,76
0.5263157894736842,1.054054054054054,1.99705134652641,5.418516541129209,0.21333333333333335,0.0,0.17333333333333334,0.23684210526315788,20.029520042163313,76
0.5612244897959183,1.0416666666666667,1.9877808337198766,5.364561297637078,0.25773195876288657,0.0,0.1134020618556701,0.20408163265306123,27.669032419455515,98
0.5443037974683544,1.2571428571428571,1.9166191229761944,4.984591008835156,0.28205128205128205,0.0,0.16666666666666666,0.25316455696202533,22.4353274206618,79
0.6125,1.8571428571428572,1.865238242791389,4.980396450377368,0.4177215189873418,0.375,0.22784810126582278,0.15,26.270088509755976,80
0.3157894736842105,0.7272727272727273,1.8710191208788398,4.9541310279319095,0.16,0.0,0.30666666666666664,0.3157894736842105,12.82722710043702,76
0.4583333333333333,0.6,1.9484853919040344,5.086146588249912,0.11267605633802817,0.0,0.2676056338028169,0.2222222222222222,16.936222976519147,72
0.47058823529411764,1.8333333333333333,1.9039678130877662,4.818392496999824,0.4,0.19607843137254904,0.22,0.47058823529411764,12.605248486753279,51
0.575,1.2222222222222223,1.8915529132938511,4.576617644908667,0.1794871794871795,0.0,0.1794871794871795,0.25,12.159315068080204,40
0.5632183908045977,2.3461538461538463,1.8633442146078116,4.952892656527529,0.5,0.4597701149425288,0.313953488372093,0.367816091954023,26.29679117742726,87
0.49411764705882355,1.236842105263158,1.9627810008849944,5.243519588444593,0.25,0.11764705882352941,0.21428571428571427,0.25882352941176473,21.398199077158193,85
0.5443037974683544,0.926829268292683,1.992416356544422,5.246925176889957,0.20512820512820512,0.0,0.1794871794871795,0.4810126582278481,21.581823636879815,79
0.6125,1.3529411764705883,1.9404193504147194,5.231802097485532,0.34177215189873417,0.375,0.22784810126582278,0.375,25.252260413331268,80
0.6976744186046512,1.0476190476190477,1.8420342977237079,4.61938950445978,0.2857142857142857,0.23255813953488372,0.3333333333333333,0.46511627906976744,16.286332860761384,43
0.6739130434782609,1.1904761904761905,1.8530492383380457,4.572623663895163,0.35555555555555557,0.0,0.35555555555555557,0.391304347826087,16.729174071288604,46
0.575,0.5384615384615384,1.9088718484453602,4.82687488186464,0.07692307692307693,0.0,0.23076923076923078,0.15,12.048995310888229,40
0.88,3.1666666666666665,1.3199958387470214,3.120750542731343,0.5833333333333334,1.2,0.5,0.24,16.666706581572594,25
0.88,4.0,0.9161182137782959,2.6116415886206177,0.625,1.6,0.625,0.08,24.014341877261487,25
0.8,3.1666666666666665,1.4039904575514162,2.9025092380072617,0.625,1.2,0.5,0.0,14.245100917408946,25
0.72,3.1666666666666665,1.3199958387470214,3.3487989122024966,0.5833333333333334,1.6,0.5,0.24,13.636396294013942,25
0.84,7.333333333333333,1.0263137138648348,2.4792336948111924,0.7916666666666666,1.2,0.6666666666666666,0.08,20.4615599058494,25
0.84,3.1666666666666665,1.2611191885631823,2.8155527162681313,0.5833333333333334,1.6,0.5416666666666666,0.24,16.651862519087647,25
0.84,4.0,1.291314688649721,2.818375827845117,0.7083333333333334,1.2,0.5416666666666666,0.24,16.262483438080807,25
0.72,5.25,1.4594705707972522,2.731419306105986,0.6666666666666666,1.2,0.5416666666666666,0.08,12.333230985902182,25
0.84,3.1666666666666665,1.2611191885631823,2.2724994555866935,0.6666666666666666,1.2,0.7083333333333334,0.16,16.651862519087647,25
0.8,2.125,1.4438561897747249,3.4082800232568733,0.5,1.2,0.5,0.08,13.851785440858222,25
0.8,2.5714285714285716,1.493660689688186,3.3061706517091873,0.625,0.8,0.5,0.32,13.38991294887878,25
0.8,3.1666666666666665,1.4039904575514162,3.02228695549263,0.625,0.8,0.5416666666666666,0.24,14.245100917408946,25
0.76,3.1666666666666665,1.5132696895151083,3.5555331514269954,0.5833333333333334,1.2,0.4166666666666667,0.0,12.555585812666536,25
0.68,1.7777777777777777,1.6211509331628502,3.2575004135020675,0.4166666666666667,1.2,0.4166666666666667,0.24,10.486370618473236,25
0.72,2.125,1.6815419333359276,3.9148663038831,0.4166666666666667,0.8,0.3333333333333333,0.24,10.704454607228325,25
0.72,1.7777777777777777,1.647351814444994,3.621175542919471,0.4166666666666667,1.2,0.375,0.08,10.926621086973613,25
0.76,1.7777777777777777,1.2732696895151085,3.3816201079487347,0.4166666666666667,1.2,0.4583333333333333,0.08,14.92220009182466,25
0.68,7.333333333333333,1.2098003386604825,2.6985981103597485,0.75,1.2,0.5833333333333334,0.08,14.05189385789799,25
0.8,5.25,1.354185957637955,3.3061706517091873,0.7083333333333334,1.6,0.5416666666666666,0.24,14.769009468888305,25
0.72,4.0,1.4936606896881859,3.4082800232568733,0.625,0.8,0.4583333333333333,0.24,12.050921653990903,25
0.76,4.0,1.515336213432141,3.4952365449960037,0.6666666666666666,0.8,0.5,0.24,12.538463275092562,25
0.72,7.333333333333333,1.3199958387470214,3.02228695549263,0.7916666666666666,0.8,0.5,0.08,13.636396294013942,25
0.6444444444444445,1.368421052631579,1.921025812389815,4.879525801113099,0.3409090909090909,0.4444444444444444,0.3181818181818182,0.35555555555555557,15.096093304352756,45
0.45,0.6,1.9230734006923997,4.649114684439285,0.1282051282051282,0.0,0.3333333333333333,0.3,9.360012276966055,40
0.45,0.7391304347826086,1.8312822501705275,4.6421498816369064,0.23076923076923078,0.25,0.41025641025641024,0.2,9.829173066659052,40
0.5,0.8181818181818182,1.9261207468426806,4.787143960698142,0.1794871794871795,0.25,0.3076923076923077,0.3,10.383559623260687,40
0.25,0.6666666666666666,1.7719541800459462,4.3531906713383215,0.15384615384615385,0.0,0.3333333333333333,0.2,5.643483600832784,40
0.7,0.7391304347826086,1.7737191894164726,4.471354487013929,0.1282051282051282,0.25,0.28205128205128205,0.2,15.786029931367914,40
0.6206896551724138,1.0714285714285714,1.7460954150154402,4.851068867915134,0.32558139534883723,0.574712643678161,0.3488372093023256,0.13793103448275862,30.92612729493663,87
0.6142857142857143,1.121212121212121,1.7325561042382862,4.637711770397529,0.36231884057971014,0.7142857142857143,0.4057971014492754,0.22857142857142856,24.81880677687956,70
0.7272727272727273,3.125,1.235502924094377,3.0729572680804016,0.625,1.5151515151515151,0.5625,0.0,19.425272175960085,33
0.5853658536585366,1.5625,1.9300074921063564,4.580023372597455,0.325,0.24390243902439027,0.175,0.34146341463414637,12.435178445151339,41
0.425,1.0,1.9670340276877454,4.82687488186464,0.28205128205128205,0.25,0.358974358974359,0.2,8.642449046768396,40
0.425,0.7391304347826086,1.9628876215181603,4.85964100022876,0.15384615384615385,0.0,0.23076923076923078,0.25,8.660705357215663,40
0.5128205128205128,1.7857142857142858,1.7906457160820044,4.391489514102183,0.39473684210526316,0.25641025641025644,0.3157894736842105,0.3076923076923077,11.16914901212936,39
0.6,1.2222222222222223,1.9263567843800735,4.629249223856035,0.2564102564102564,0.0,0.23076923076923078,0.35,12.458744784901683,40
0.675,0.9047619047619048,1.8212301884861781,4.491219947597179,0.23076923076923078,0.5,0.28205128205128205,0.15,14.825135968840186,40
0.475,1.0,1.9525093249150798,4.6093837632727865,0.15384615384615385,0.0,0.1282051282051282,0.4,9.731062498133712,40
0.6333333333333333,1.7272727272727273,1.8961399650265074,4.593069207771891,0.41379310344827586,0.3333333333333333,0.2413793103448276,0.4,10.020352046839717,30
0.575,1.3529411764705883,1.9560075793123284,5.247021212968777,0.27848101265822783,0.0,0.20253164556962025,0.35,23.51727926273829,80
0.5882352941176471,1.4285714285714286,1.7574839898128798,3.456564762130953,0.3125,0.5882352941176471,0.3125,0.23529411764705882,5.68994902258864,17
0.55,1.5,1.8710547197855452,4.881615641970836,0.3220338983050847,0.5,0.2711864406779661,0.3,17.637101691328766,60
0.65,1.8571428571428572,1.7222462988821523,4.247927513443585,0.358974358974359,0.5,0.3076923076923077,0.15,15.096554378035982,40
0.5396825396825397,1.1724137931034482,1.97013550207099,5.081976066893748,0.24193548387096775,0.15873015873015872,0.1935483870967742,0.25396825396825395,17.25768745681302,63
0.5818181818181818,1.2,1.9245468479764503,4.991702529871617,0.25925925925925924,0.18181818181818182,0.2037037037037037,0.14545454545454545,16.627282108702122,55
0.3684210526315789,1.054054054054054,1.907532742536178,4.849071061569513,0.25333333333333335,0.0,0.30666666666666664,0.39473684210526316,14.678639426200847,76
0.35526315789473684,1.1714285714285715,1.8377218727296765,4.582747058568537,0.24,0.0,0.30666666666666664,0.2894736842105263,14.692095527926543,76
0.40789473684210525,1.1111111111111112,1.9724109633199793,5.062239136040018,0.26666666666666666,0.13157894736842105,0.3466666666666667,0.2894736842105263,15.716797797058865,76
0.55,1.105263157894737,1.9843716129313607,5.328617725489293,0.21518987341772153,0.25,0.16455696202531644,0.3,22.17325501937975,80
0.5375,1.4242424242424243,1.9641118043848562,5.315546571532192,0.3291139240506329,0.25,0.25316455696202533,0.325,21.8928362485103,80
0.4625,1.105263157894737,1.9935331987951432,5.422784109693732,0.21518987341772153,0.125,0.189873417721519,0.325,18.56000264372798,80
0.4875,1.0,1.995485166515309,5.277335674207241,0.22784810126582278,0.0,0.22784810126582278,0.3,19.544109427781795,80
0.5375,1.0512820512820513,1.995485166515309,5.45810318023429,0.21518987341772153,0.0,0.16455696202531644,0.3,21.54863347165685,80
0.5125,1.2222222222222223,1.9917720664283003,5.355539077670189,0.24050632911392406,0.0,0.16455696202531644,0.3,20.58467437433637,80
0.5625,1.5806451612903225,1.9512552882594871,5.35214596861262,0.35443037974683544,0.125,0.17721518987341772,0.225,23.062065332350485,80
0.5375,1.2857142857142858,1.9820363269972767,5.212982468968089,0.3037974683544304,0.0,0.1518987341772152,0.25,21.694848736851807,80
0.45,1.0512820512820513,1.9917720664283003,5.227333949465059,0.22784810126582278,0.0,0.1518987341772152,0.35,18.074348231124617,80
0.5,1.105263157894737,1.9818625242212384,5.339576096928695,0.22784810126582278,0.0,0.22784810126582278,0.3,20.183024467195725,80
0.5443037974683544,1.46875,1.9642804386054462,5.268165073297746,0.3076923076923077,0.12658227848101264,0.14102564102564102,0.17721518987341772,21.89095674117255,79
0.525,1.5,1.9679414913662505,5.226384796629843,0.31645569620253167,0.0,0.1518987341772152,0.35,21.342087070258525,80
0.64,1.7777777777777777,1.8729350396193691,4.1429146733542535,0.3333333333333333,0.0,0.20833333333333334,0.48,8.542736997709559,25
0.56,1.0833333333333333,1.9322381921018907,4.1757358691004915,0.25,0.4,0.16666666666666666,0.16,7.245479781812517,25
0.4406779661016949,0.9032258064516129,1.9875686897225853,5.183424224539235,0.22413793103448276,0.0,0.3103448275862069,0.2711864406779661,13.081302323355992,59
0.5138888888888888,1.4827586206896552,1.858493284138701,4.999005652962628,0.30985915492957744,0.1388888888888889,0.2535211267605634,0.25,19.908589612449227,72
0.55,1.0,1.8016094970590275,4.058813890331201,0.2631578947368421,0.5,0.3157894736842105,0.2,6.105648261905969,20
0.5945945945945946,1.4666666666666666,1.9077981381956848,4.471581588126284,0.3055555555555556,0.0,0.2222222222222222,0.3783783783783784,11.531612295834595,37
0.44680851063829785,0.9583333333333334,1.9757381759165153,5.075077818503819,0.2608695652173913,0.2127659574468085,0.2826086956521739,0.5106382978723404,10.628933340990427,47
0.5714285714285714,1.1304347826086956,1.8483487046008826,4.623217840809185,0.22916666666666666,0.0,0.20833333333333334,0.16326530612244897,15.148648510778479,49
0.5909090909090909,1.3157894736842106,1.8482627044824753,4.5764921250051795,0.2558139534883721,0.0,0.18604651162790697,0.18181818181818182,14.06725671068683,44
0.5897435897435898,1.1666666666666667,1.8670721487635222,4.5199999871336285,0.21052631578947367,0.0,0.18421052631578946,0.2564102564102564,12.31874606264455,39
0.6470588235294118,1.0,1.749988596032556,4.265319531114783,0.15151515151515152,0.0,0.21212121212121213,0.11764705882352941,12.571503310577809,34
0.6086956521739131,0.9166666666666666,1.8370206542387149,4.297079327540666,0.13636363636363635,0.0,0.18181818181818182,0.17391304347826086,7.621031558172774,23
0.7,1.6666666666666667,1.7246743365684325,4.293594289588576,0.41025641025641024,0.25,0.358974358974359,0.15,16.234939647082385,40
0.675,1.6666666666666667,1.77943592422268,4.5041206053780485,0.41025641025641024,0.25,0.3333333333333333,0.2,15.173339179636582,40
0.717948717948718,1.7857142857142858,1.7074115832940322,4.317033095124792,0.42105263157894735,0.25641025641025644,0.3684210526315789,0.20512820512820512,16.39908260836458,39
0.5641025641025641,1.0526315789473684,1.974899748072393,4.810672622327238,0.18421052631578946,0.0,0.10526315789473684,0.46153846153846156,11.139800327420584,39
0.48717948717948717,1.1666666666666667,1.9836546298748559,4.736216203349846,0.21052631578947367,0.0,0.13157894736842105,0.2564102564102564,9.578275439471652,39
0.575,1.2222222222222223,1.9755700374451466,4.471354487013929,0.20512820512820512,0.0,0.15384615384615385,0.2,11.642203476390362,40
0.48717948717948717,0.8571428571428571,1.990727611099235,4.648510460165075,0.13157894736842105,0.0,0.13157894736842105,0.20512820512820512,9.544244199870436,39
0.5135135135135135,1.4666666666666666,1.9586984744171865,4.068728288980287,0.25,0.0,0.08333333333333333,0.21621621621621623,9.700314033960455,37
0.5526315789473685,1.2352941176470589,1.9809855619393553,4.516875695766564,0.24324324324324326,0.0,0.10810810810810811,0.2631578947368421,10.600778623879876,38
0.5,0.6666666666666666,1.9406454496153462,4.839775539645511,0.15384615384615385,0.0,0.1794871794871795,0.35,10.305844222147822,40
0.48717948717948717,1.0526315789473684,1.8898064431367474,4.506750662926248,0.2894736842105263,0.0,0.2631578947368421,0.20512820512820512,10.053934367230212,39
0.525,0.7391304347826086,1.9818625242212384,4.879506460812009,0.15384615384615385,0.0,0.1794871794871795,0.35,10.596087845277756,40
0.55,0.48148148148148145,1.902323884849567,4.649114684439285,0.15384615384615385,0.0,0.3333333333333333,0.2,11.564796410545682,40
0.5125,1.2222222222222223,1.9884886827406263,5.273942565149672,0.25316455696202533,0.0,0.16455696202531644,0.375,20.61866368021178,80
0.5,0.9047619047619048,1.9909520708329982,5.231058232227282,0.16455696202531644,0.0,0.1518987341772152,0.4,20.09088038587687,80
0.475,1.4242424242424243,1.975793486691807,5.432462154593267,0.2911392405063291,0.0,0.11392405063291139,0.4,19.232769529398634,80
0.475,1.2857142857142858,1.983422032770703,5.307650135445706,0.27848101265822783,0.0,0.16455696202531644,0.325,19.158797378145128,80
0.5125,1.105263157894737,1.9935331987951432,5.406821128952242,0.22784810126582278,0.0,0.17721518987341772,0.35,20.566489416022897,80
0.5,1.162162162162162,1.9845732367487394,5.248301539508645,0.24050632911392406,0.25,0.16455696202531644,0.35,20.155456651261705,80
0.3902439024390244,1.2777777777777777,1.9464709729671414,4.804507667524724,0.375,0.0,0.25,0.3902439024390244,8.220000196360443,41
0.46153846153846156,0.8571428571428571,1.9351538695642179,4.499597622210291,0.2631578947368421,0.25641025641025644,0.47368421052631576,0.2564102564102564,9.301581120509214,39
0.5,1.105263157894737,1.996387226993904,4.807009421281391,0.3076923076923077,0.0,0.3076923076923077,0.3,10.018091536291688,40
0.5365853658536586,1.1578947368421053,1.936807304886958,4.6287447707997655,0.325,0.24390243902439027,0.45,0.3902439024390244,11.358893879425013,41
0.425,0.7391304347826086,1.9436109962096477,4.839775539645511,0.10256410256410256,0.0,0.15384615384615385,0.05,8.746601705048489,40
0.4666666666666667,1.5,1.9329145639793979,4.423251796980339,0.4827586206896552,0.0,0.27586206896551724,0.2,7.242944420798932,30
0.4666666666666667,0.875,1.9898980954642873,4.521640636343319,0.3103448275862069,0.0,0.3103448275862069,0.2,7.035532621684766,30
0.4666666666666667,1.3076923076923077,1.9689250793612645,4.521640636343319,0.41379310344827586,0.0,0.2413793103448276,0.13333333333333333,7.110475170577106,30
0.4666666666666667,0.5,1.8062389286533893,4.208966082694624,0.1724137931034483,0.0,0.3448275862068966,0.2,7.750908269665734,30
0.2,1.5,1.6402239289418519,3.7359263506290326,0.4827586206896552,0.0,0.4482758620689655,0.26666666666666666,3.658034879320328,30
0.4666666666666667,0.875,1.9898980954642873,4.378783493486177,0.3448275862068966,0.0,0.3103448275862069,0.2,7.035532621684766,30
0.4666666666666667,1.1428571428571428,1.9898980954642873,4.521640636343319,0.41379310344827586,0.0,0.3103448275862069,0.13333333333333333,7.035532621684766,30
0.4666666666666667,1.1428571428571428,1.9898980954642873,4.450212064914748,0.41379310344827586,0.0,0.27586206896551724,0.26666666666666666,7.035532621684766,30
0.4666666666666667,1.3076923076923077,1.9689250793612645,4.378783493486177,0.4482758620689655,0.0,0.2413793103448276,0.2,7.110475170577106,30
0.4838709677419355,1.5833333333333333,1.9202044457091247,4.487122805397797,0.5,0.3225806451612903,0.3,0.25806451612903225,7.811664128710226,31
0.5,1.6666666666666667,1.9056390622295665,4.481727678869737,0.5161290322580645,0.625,0.3225806451612903,0.1875,8.396129110174286,32
0.5,1.6666666666666667,1.9056390622295665,4.481727678869737,0.5161290322580645,0.3125,0.3225806451612903,0.25,8.396129110174286,32
0.48,1.2727272727272727,1.9574058114255182,4.229871195093383,0.4583333333333333,0.0,0.25,0.24,6.13056005014143,25
0.48,1.0833333333333333,1.9394705707972522,4.436605434317882,0.375,0.0,0.25,0.4,6.18725233238,25
0.5,1.8571428571428572,1.8609640474436813,3.9057645846554525,0.5263157894736842,0.0,0.3157894736842105,0.3,5.3735560556263655,20
0.45,1.2222222222222223,1.9527241956246548,4.058813890331201,0.42105263157894735,0.0,0.15789473684210525,0.2,4.6089434499875965,20
0.4666666666666667,2.0,1.8062389286533895,3.334679141051595,0.5714285714285714,0.0,0.42857142857142855,0.26666666666666666,3.8754541348328666,15
0.4666666666666667,1.1428571428571428,1.9898980954642873,3.7004397181410926,0.42857142857142855,0.0,0.14285714285714285,0.13333333333333333,3.517766310842383,15
0.4444444444444444,1.25,1.9529806705189046,4.483856189774723,0.4230769230769231,0.0,0.2692307692307692,0.37037037037037035,6.144450908651701,27
0.5384615384615384,1.3636363636363635,1.9127317997674897,4.418295834054489,0.44,0.0,0.28,0.38461538461538464,7.3193704848381484,26
0.5384615384615384,0.7333333333333333,1.9784820284039006,4.418295834054489,0.32,0.0,0.32,0.38461538461538464,7.07612842718909,26
0.38461538461538464,0.7333333333333333,1.8860872841497838,4.136842188131011,0.32,0.0,0.28,0.38461538461538464,5.301978748310729,26
0.52,2.125,1.8744444545796393,4.088779347361361,0.5833333333333334,0.4,0.2916666666666667,0.48,6.935384525721163,25
0.45,2.3333333333333335,1.765957320949175,3.6835423624332306,0.5789473684210527,0.0,0.42105263157894735,0.3,5.096383019482952,20
0.5333333333333333,6.5,1.3995812306460644,3.0850551027564768,0.7857142857142857,0.6666666666666666,0.5,0.13333333333333333,5.715991404311486,15
0.4666666666666667,1.1428571428571428,1.9086126988727123,3.5465935642949384,0.35714285714285715,0.0,0.35714285714285715,0.5333333333333333,3.667583442440145,15
0.4444444444444444,1.5714285714285714,1.4806821149663847,2.811278124459133,0.4117647058823529,0.0,0.47058823529411764,0.1111111111111111,5.4029116150092795,18
0.4666666666666667,0.875,1.990764649735502,4.208966082694624,0.3793103448275862,0.0,0.4827586206896552,0.4,7.032470146277677,30
0.5,1.5,1.9575437330180632,4.494680368408909,0.4827586206896552,0.0,0.3103448275862069,0.26666666666666666,7.662660141039846,30
0.26666666666666666,0.36363636363636365,0.8366407419411672,2.0623333564148303,0.13793103448275862,0.0,0.7241379310344828,0.0,9.56203784601816,30
0.6341463414634146,1.411764705882353,1.8163074038097473,4.528741321315404,0.325,0.9756097560975611,0.3,0.14634146341463414,14.314749601700033,41
0.425,0.9047619047619048,1.9733265144638374,4.629249223856035,0.2564102564102564,0.0,0.15384615384615385,0.2,8.614890268034895,40
0.575,0.7391304347826086,1.9628876215181603,4.932138039759375,0.1282051282051282,0.0,0.23076923076923078,0.25,11.717424895056487,40
0.5,1.0,1.9927744539878083,4.879506460812009,0.23076923076923078,0.0,0.1282051282051282,0.25,10.036253688280507,40
0.5166666666666667,1.2222222222222223,1.8292494059012012,4.6402363316260065,0.2711864406779661,0.5,0.2033898305084746,0.2,16.946832374612757,60
0.4864864864864865,1.3125,1.985857993902358,4.900711588373537,0.25,0.27027027027027023,0.16666666666666666,0.16216216216216217,9.064087659430786,37
0.6551724137931034,0.8125,1.9175317277522654,4.208410187268526,0.07142857142857142,0.0,0.14285714285714285,0.27586206896551724,9.908566213767745,29
0.5263157894736842,0.9,1.9771826429855701,4.704511459715549,0.1891891891891892,0.5263157894736842,0.32432432432432434,0.15789473684210525,10.11539826912576,38
0.5,0.5625,1.9376660260895813,5.05350885479768,0.10204081632653061,0.0,0.20408163265306123,0.28,12.902113553768146,50
0.52,0.7857142857142857,1.9869608142719164,5.152569011092753,0.20408163265306123,0.0,0.2653061224489796,0.24,13.085304313977064,50
0.7142857142857143,3.6666666666666665,1.483831706844689,3.0081320258334,0.5555555555555556,1.4285714285714286,0.4444444444444444,0.14285714285714285,13.47860840898244,28
0.4605263157894737,1.1111111111111112,1.9931428201190322,5.180548426609793,0.24,0.0,0.30666666666666664,0.3157894736842105,17.560197937903833,76
0.4342105263157895,1.1111111111111112,1.981656578259485,5.2900060680977665,0.28,0.13157894736842105,0.26666666666666666,0.34210526315789475,16.652725658579378,76
0.47368421052631576,0.9,1.9771826429855703,5.071090785121823,0.21333333333333335,0.0,0.32,0.23684210526315788,18.207716884426365,76
0.7,0.2,1.5239949855666595,3.9677201004744993,0.034482758620689655,0.0,0.3793103448275862,0.26666666666666666,13.779563856391446,30
0.75,0.5555555555555556,1.6981174211304033,3.8731406795131336,0.1111111111111111,0.0,0.25925925925925924,0.42857142857142855,12.366628698380602,28
0.7096774193548387,0.34782608695652173,1.684481107735811,4.03039478823102,0.03333333333333333,0.0,0.36666666666666664,0.25806451612903225,13.060393992294285,31
0.7222222222222222,0.2,1.5002723456084084,3.595431783803264,0.02857142857142857,0.0,0.42857142857142855,0.1111111111111111,17.33017524846859,36
0.6451612903225806,0.2916666666666667,1.7040386490267636,4.0424125656653915,0.03333333333333333,0.0,0.4,0.25806451612903225,11.73681610719721,31
0.7058823529411765,0.3076923076923077,1.6589797521242053,3.6473683589017414,0.09090909090909091,0.0,0.3939393939393939,0.23529411764705882,14.466713956307046,34
0.6444444444444445,1.368421052631579,1.8541432549090389,4.72011294129279,0.3181818181818182,0.8888888888888888,0.25,0.2222222222222222,15.640638490354513,45
0.55,2.076923076923077,1.8734778384468256,4.45148902643068,0.46153846153846156,0.0,0.3333333333333333,0.15,11.742860153274382,40
0.6,1.8571428571428572,1.8889490393112864,4.721611723969903,0.4358974358974359,0.5,0.2564102564102564,0.25,12.705471029159899,40
0.6,1.6666666666666667,1.8934692759958875,4.82687488186464,0.358974358974359,0.25,0.23076923076923078,0.2,12.67513955949321,40
0.5,1.3529411764705883,1.9370326766092505,4.629249223856035,0.3076923076923077,0.0,0.23076923076923078,0.2,10.325065713369378,40
0.5,1.2222222222222223,1.9854752972273344,4.46438968421155,0.3076923076923077,0.0,0.358974358974359,0.2,10.073149716231555,40
0.675,1.8571428571428572,1.8212301884861781,4.701746263386653,0.4358974358974359,0.25,0.358974358974359,0.3,14.825135968840186,40
0.675,1.8571428571428572,1.7379760609594195,4.217368054003318,0.46153846153846156,1.0,0.3333333333333333,0.15,15.535302856698884,40
0.7,1.3529411764705883,1.644192312846592,4.260828171224456,0.28205128205128205,0.5,0.28205128205128205,0.15,17.029627709361986,40
0.625,1.5,1.7193793404575042,4.215841172683753,0.38461538461538464,0.75,0.3333333333333333,0.25,14.540122049637857,40
0.55,1.8571428571428572,1.742659531962235,4.481627106107698,0.38461538461538464,0.5,0.3333333333333333,0.1,12.624374969477278,40
0.5,1.2222222222222223,1.9854752972273344,4.807009421281391,0.3076923076923077,0.25,0.23076923076923078,0.45,10.073149716231555,40
0.5,1.105263157894737,1.996387226993904,4.807009421281391,0.20512820512820512,0.25,0.15384615384615385,0.45,10.018091536291688,40
0.575,1.0,1.9818625242212384,4.701746263386653,0.23076923076923078,0.25,0.2564102564102564,0.25,11.605239068637541,40
0.4050632911392405,1.0789473684210527,1.9597029837349638,5.203483904578965,0.20512820512820512,0.2531645569620253,0.16666666666666666,0.27848101265822783,16.3289967595064,79
0.5952380952380952,1.0,1.9719700095056916,4.953055907333277,0.21951219512195122,0.0,0.1951219512195122,0.19047619047619047,12.677671162248313,42
0.5373134328358209,0.9705882352941176,1.9824633955392192,5.079533774333927,0.25757575757575757,0.0,0.2878787878787879,0.11940298507462686,18.159216418213756,67
0.575,1.3529411764705883,1.963434934425984,5.131054782742918,0.3037974683544304,0.0,0.20253164556962025,0.275,23.428317264371668,80
0.4583333333333333,1.4,1.8291722720787553,4.245431792590248,0.46808510638297873,0.625,0.5106382978723404,0.08333333333333333,12.027291419471817,48
0.4673913043478261,0.9574468085106383,1.9625223734851884,5.451311535310291,0.25274725274725274,0.10869565217391305,0.24175824175824176,0.1956521739130435,21.9105670693937,92
0.5,0.6,1.9525093249150798,4.879506460812009,0.10256410256410256,0.0,0.2564102564102564,0.4,10.243223682246011,40
0.425,0.7391304347826086,1.9670340276877454,4.82687488186464,0.1794871794871795,0.0,0.2564102564102564,0.3,8.642449046768396,40
0.375,0.48148148148148145,1.8531972324455475,4.520256869906659,0.10256410256410256,0.0,0.38461538461538464,0.2,8.094115209793536,40
0.45,0.7391304347826086,1.9733265144638374,4.82687488186464,0.1794871794871795,0.25,0.28205128205128205,0.35,9.121648519095771,40
0.5686274509803921,1.125,1.9715381014335125,5.150324384887383,0.28,0.3921568627450981,0.3,0.11764705882352941,14.709320235603752,51
0.5522388059701493,1.3103448275862069,1.9763306314584475,5.322217428346502,0.3181818181818182,0.44776119402985076,0.25757575757575757,0.26865671641791045,18.72155432370204,67
0.55,1.105263157894737,1.9733265144638374,4.629249223856035,0.3076923076923077,0.25,0.28205128205128205,0.45,11.148681523339276,40
0.5128205128205128,0.6956521739130435,1.9376752989907655,4.682162149295792,0.23684210526315788,0.0,0.3684210526315789,0.3076923076923077,10.321641447757274,39
0.5,1.2666666666666666,1.9874601819486435,4.625,0.30303030303030304,0.29411764705882354,0.18181818181818182,0.29411764705882354,8.553626181182585,34
0.46153846153846156,1.4375,1.9693766474594836,4.628108095241737,0.3157894736842105,0.0,0.2894736842105263,0.358974358974359,9.139943282701607,39
0.5641025641025641,0.56,1.9196526847108202,4.864726676381292,0.07894736842105263,0.25641025641025644,0.2894736842105263,0.3076923076923077,11.460400474950312,39
0.6410256410256411,1.1666666666666667,1.935153869564218,4.77702093319652,0.2631578947368421,0.5128205128205129,0.3157894736842105,0.2564102564102564,12.91886266737391,39
0.46938775510204084,1.2272727272727273,1.9875587307927145,4.86810667068848,0.2916666666666667,0.0,0.2916666666666667,0.08163265306122448,11.571979268681764,49
0.576271186440678,0.6857142857142857,1.9218994716859703,4.994741987659174,0.1724137931034483,0.3389830508474576,0.3448275862068966,0.1016949152542373,17.690822444189216,59
0.6666666666666666,0.8181818181818182,1.7109170338675599,4.60119042634169,0.22033898305084745,0.8333333333333334,0.423728813559322,0.26666666666666666,23.379261430531134,60
0.421875,0.7297297297297297,1.5233292042478084,3.7633971174977052,0.23809523809523808,0.3125,0.5396825396825397,0.15625,17.724325247874994,64
0.6153846153846154,1.1666666666666667,1.9500637564362102,4.418295834054489,0.36,0.3846153846153846,0.28,0.38461538461538464,8.204855734760512,26
0.36,3.1666666666666665,1.647351814444994,3.7081320646586016,0.5,0.0,0.25,0.16,5.463310543486807,25
0.48,1.7777777777777777,1.9322381921018905,4.436605434317882,0.3333333333333333,0.4,0.25,0.32,6.210411241553587,25
0.48,2.125,1.8744444545796393,3.7950885863977324,0.4166666666666667,0.4,0.3333333333333333,0.32,6.401893408357997,25
0.44,0.6666666666666666,1.8422921890824147,3.936180434129755,0.041666666666666664,0.0,0.125,0.4,5.9708194467563205,25
0.44,2.125,1.8467341583372252,4.055958151615123,0.4583333333333333,0.4,0.375,0.08,5.95645777920005,25
0.48,1.0833333333333333,1.9394705707972522,4.1757358691004915,0.20833333333333334,0.4,0.3333333333333333,0.0,6.18725233238,25
0.68,1.7777777777777777,1.8186885704510973,4.00182282562223,0.3333333333333333,0.4,0.2916666666666667,0.16,9.347389612941706,25
0.52,1.2727272727272727,1.9786885704510973,4.436605434317882,0.3333333333333333,0.4,0.3333333333333333,0.48,6.570004812344712,25
0.58,0.8518518518518519,1.9636153061993562,4.813721875540869,0.12244897959183673,0.2,0.16326530612244897,0.32,14.768669372139433,50
0.5972222222222222,0.9459459459459459,1.9617735403733096,5.332505338219006,0.2112676056338028,0.2777777777777778,0.22535211267605634,0.19444444444444445,21.918930598323218,72
0.5625,0.6,1.8050365325772657,4.440223928941852,0.12903225806451613,0.3125,0.3548387096774194,0.1875,9.9720918125726,32
0.5227272727272727,1.2,1.9912946632147586,4.880179922675738,0.27906976744186046,0.45454545454545453,0.2558139534883721,0.6363636363636364,11.550268714425197,44
0.5681818181818182,1.0,1.709993317230058,3.74324301971114,0.3488372093023256,0.6818181818181818,0.4883720930232558,0.13636363636363635,14.619931626729828,44
0.5384615384615384,2.5454545454545454,1.8429042118874754,4.378240189894803,0.5263157894736842,0.5128205128205129,0.3157894736842105,0.20512820512820512,11.395051609025579,39
0.5714285714285714,1.625,1.9387084972868343,4.247927513443585,0.3,0.0,0.15,0.19047619047619047,6.189684435338889,21
0.5714285714285714,1.625,1.9347154954246264,4.142664355548848,0.3,0.0,0.1,0.19047619047619047,6.20245913464767,21
0.36363636363636365,3.125,1.7266102314416119,3.753574344294177,0.5625,0.0,0.40625,0.12121212121212122,6.950030082904508,33
0.45,0.8181818181818182,1.9854752972273344,4.85964100022876,0.20512820512820512,0.0,0.23076923076923078,0.55,9.065834744608399,40
0.35526315789473684,0.8095238095238095,1.9288052905408548,5.2329038722979995,0.18666666666666668,0.0,0.22666666666666666,0.23684210526315788,13.998295283674627,76
0.4270833333333333,0.7142857142857143,1.9644636120974603,5.529018341104147,0.16842105263157894,0.0,0.21052631578947367,0.375,20.870826456998007,96
0.48333333333333334,0.875,1.9950726744424856,5.159199529386523,0.15254237288135594,0.0,0.22033898305084745,0.3,14.53580405149896,60
0.6379310344827587,0.5675675675675675,1.7462586582858846,4.5461193777167,0.12280701754385964,0.1724137931034483,0.40350877192982454,0.20689655172413793,21.188143369422463,58
0.4745762711864407,0.475,1.8706068717285387,4.69264933943332,0.08620689655172414,0.0,0.2413793103448276,0.23728813559322035,14.968396328903795,59
0.6896551724137931,0.9333333333333333,1.8858184678024723,4.532665279941247,0.2857142857142857,0.6896551724137931,0.42857142857142855,0.5517241379310345,10.605469050176799,29
0.5384615384615384,1.0,1.9784820284039009,4.418295834054489,0.28,0.7692307692307692,0.44,0.38461538461538464,7.076128427189089,26
0.5925925925925926,0.9285714285714286,1.9659902819357726,4.293660689688186,0.19230769230769232,0.37037037037037035,0.3076923076923077,0.5925925925925926,8.138388072731397,27
0.6538461538461539,0.7333333333333333,1.900670967392199,4.501629167387822,0.2,0.3846153846153846,0.4,0.5384615384615384,8.944205150415675,26
0.6538461538461539,1.0,1.9258641224711837,4.418295834054489,0.28,0.3846153846153846,0.36,0.6923076923076923,8.827201760726817,26
0.4827586206896552,0.9333333333333333,1.9903513586196353,4.3104430577190245,0.14285714285714285,0.0,0.14285714285714285,0.6896551724137931,7.033930419088905,29
0.5428571428571428,1.0588235294117647,1.7160269377413824,3.8242528312829864,0.17647058823529413,0.2857142857142857,0.17647058823529413,0.11428571428571428,11.072080810646707,35
0.5,1.1666666666666667,1.9880803003688294,5.196949842641913,0.3246753246753247,0.38461538461538464,0.24675324675324675,0.2564102564102564,19.616903993194196,78
0.5507246376811594,0.6428571428571429,1.9464450218964686,5.282069414144625,0.22058823529411764,0.14492753623188406,0.3235294117647059,0.2898550724637681,19.522760750886736,69
0.55,2.076923076923077,1.8640333517732073,4.679252764116303,0.46153846153846156,0.75,0.358974358974359,0.25,11.802357600905784,40
0.525,1.5,1.9497150925362368,4.734512381750773,0.3076923076923077,0.0,0.20512820512820512,0.25,10.770798928310995,40
0.6,1.5,1.9263567843800735,4.701746263386653,0.41025641025641024,0.25,0.41025641025641024,0.3,12.458744784901683,40
0.45,0.5384615384615384,1.9131681409102121,4.504120605378049,0.1282051282051282,0.0,0.28205128205128205,0.35,9.408472891966204,40
0.75,1.4,1.384431504340598,3.6635327548042538,0.2608695652173913,0.8333333333333334,0.34782608695652173,0.16666666666666666,13.001717269397226,24
0.7083333333333334,2.0,1.598816797162542,3.732158891364569,0.34782608695652173,0.8333333333333334,0.2608695652173913,0.08333333333333333,10.63285637060726,24
0.6,0.9565217391304348,1.9233403670409839,4.8970813244192275,0.2727272727272727,0.2222222222222222,0.2727272727272727,0.5777777777777777,14.03806961295637,45
0.5757575757575758,0.7368421052631579,1.8667461462619683,4.567099536193327,0.25,0.30303030303030304,0.28125,0.18181818181818182,10.178132607860782,33
0.5675675675675675,0.9473684210526315,1.918396484134861,4.593429088311723,0.3333333333333333,0.27027027027027023,0.2777777777777778,0.4864864864864865,10.946636541003578,37
0.46,0.8518518518518519,1.9593308322365361,5.1785088547976805,0.20408163265306123,0.0,0.20408163265306123,0.2,11.738695621428242,50
0.56,1.7777777777777777,1.927946999878784,4.9025690110927505,0.42857142857142855,0.4,0.24489795918367346,0.24,14.523213282599142,50
0.55,0.7021276595744681,1.9551875837170263,5.299583590790698,0.1518987341772152,0.0,0.26582278481012656,0.425,22.50422305369194,80
0.525,0.7021276595744681,1.9707453865016922,5.371502058411684,0.1518987341772152,0.0,0.25316455696202533,0.425,21.311722445704934,80
0.5409836065573771,0.90625,1.988009168547974,5.039008515280191,0.16666666666666666,0.1639344262295082,0.2,0.36065573770491804,16.59951267960713,61
0.6,1.2222222222222223,1.9263567843800735,4.85964100022876,0.28205128205128205,0.0,0.23076923076923078,0.35,12.458744784901683,40
0.32432432432432434,0.6818181818181818,1.837885981031766,4.422000516883152,0.1388888888888889,0.0,0.2777777777777778,0.2702702702702703,6.529237174999388,37
0.4583333333333333,1.4,1.9502484161336686,5.072368749488241,0.2978723404255319,0.0,0.23404255319148937,0.16666666666666666,11.280608427825898,48
0.5777777777777777,0.9148936170212766,1.9416716012354702,5.346779311839174,0.24719101123595505,0.4444444444444444,0.2696629213483146,0.24444444444444444,26.781034025464862,90
0.5555555555555556,1.7692307692307692,1.9056830028437928,5.150292659616669,0.38028169014084506,0.1388888888888889,0.19718309859154928,0.3055555555555556,20.989838787705228,72
0.6666666666666666,1.7692307692307692,1.8322054802113992,4.931946766543181,0.4084507042253521,0.2777777777777778,0.323943661971831,0.2222222222222222,26.19792065928169,72
0.43333333333333335,1.7272727272727273,1.926887581733263,4.450212064914748,0.41379310344827586,0.3333333333333333,0.20689655172413793,0.26666666666666666,6.74662776210253,30
0.5483870967741935,0.8235294117647058,1.9518318647848059,4.418157288156417,0.2,0.3225806451612903,0.23333333333333334,0.5161290322580645,8.709762145476677,31
0.5555555555555556,0.8367346938775511,1.96455471840297,5.2533070108257345,0.2247191011235955,0.1111111111111111,0.2808988764044944,0.15555555555555556,25.451047039096498,90
0.575,0.8181818181818182,1.9628876215181603,4.543851526544547,0.1282051282051282,0.0,0.2564102564102564,0.25,11.717424895056487,40
0.55,0.8181818181818182,1.9795858105179467,4.82687488186464,0.15384615384615385,0.0,0.28205128205128205,0.3,11.113430279040825,40
0.475,1.2222222222222223,1.9894910703001343,4.787143960698142,0.2564102564102564,0.0,0.10256410256410256,0.35,9.550176290541167,40
0.525,0.48148148148148145,1.8410412383096073,4.5239860659612985,0.1794871794871795,0.0,0.3333333333333333,0.2,11.406582403715845,40
0.3,1.2222222222222223,1.8149798205164813,4.491219947597179,0.28205128205128205,0.0,0.358974358974359,0.25,6.6116401145138335,40
0.425,1.0,1.9818625242212384,4.807009421281391,0.2564102564102564,0.0,0.3076923076923077,0.35,8.577785398558182,40
0.5,1.2222222222222223,1.992774453987808,4.787143960698142,0.2564102564102564,0.0,0.1282051282051282,0.35,10.036253688280507,40
0.45,1.105263157894737,1.9894910703001343,4.807009421281391,0.23076923076923078,0.0,0.1282051282051282,0.3,9.047535433144262,40
0.45,1.2222222222222223,1.9854752972273344,4.629249223856035,0.2564102564102564,0.0,0.10256410256410256,0.3,9.065834744608399,40
0.45,1.105263157894737,1.9894910703001343,4.754377842334022,0.20512820512820512,0.0,0.10256410256410256,0.4,9.047535433144262,40
0.4642857142857143,0.6,1.812710631930631,4.81498217804933,0.12727272727272726,0.0,0.2545454545454545,0.2857142857142857,14.343152844619123,56
0.5111111111111111,0.875,1.987223337163471,5.176151091861087,0.18181818181818182,0.0,0.20454545454545456,0.4444444444444444,11.57393232856125,45
0.3815789473684211,1.2352941176470589,1.9427508971594942,5.285608392972191,0.29333333333333333,0.39473684210526316,0.26666666666666666,0.3157894736842105,14.927279207602897,76
0.40789473684210525,0.9487179487179487,1.9731758709463554,5.449120088514215,0.22666666666666666,0.0,0.21333333333333335,0.2894736842105263,15.710705135689174,76
0.27631578947368424,1.1111111111111112,1.8262520543175633,5.016159277469517,0.30666666666666664,0.0,0.29333333333333333,0.39473684210526316,11.498954074492875,76
0.4631578947368421,1.435897435897436,1.9507237747193842,5.444810020669136,0.30851063829787234,0.3157894736842105,0.2553191489361702,0.16842105263157894,22.555719069251833,95
0.5106382978723404,1.35,1.9808958491579587,5.48523817958603,0.3655913978494624,0.425531914893617,0.34408602150537637,0.14893617021276595,24.23144850798459,94
0.5319148936170213,1.4736842105263157,1.9461981301611202,5.266055603103633,0.3548387096774194,0.425531914893617,0.2903225806451613,0.14893617021276595,25.691101812310773,94
0.5,1.4102564102564104,1.970573037593595,5.6318326080427985,0.3548387096774194,0.10638297872340426,0.22580645161290322,0.19148936170212766,23.85091810982904,94
0.40425531914893614,1.2380952380952381,1.9151667111761657,5.389825406885294,0.3225806451612903,0.10638297872340426,0.3010752688172043,0.3191489361702128,19.841604355716182,94
0.5789473684210527,1.7941176470588236,1.9227201444225697,5.324172591111354,0.44680851063829785,0.3157894736842105,0.35106382978723405,0.25263157894736843,28.605292119215534,95
0.581081081081081,0.6818181818181818,1.949425899743904,5.371178126382217,0.1506849315068493,0.0,0.1643835616438356,0.35135135135135137,22.057764774687833,74
0.6285714285714286,1.1875,1.9373648431033277,4.680757755722091,0.29411764705882354,0.2857142857142857,0.2647058823529412,0.34285714285714286,11.3556249989211,35
0.5135135135135135,0.9473684210526315,1.9941050707444075,4.786425874087823,0.2222222222222222,0.27027027027027023,0.2222222222222222,0.16216216216216217,9.52807891152311,37
0.5166666666666667,1.5,1.8702738825815082,4.792904486320376,0.3220338983050847,0.5,0.22033898305084745,0.23333333333333334,16.575103632473127,60
0.5376344086021505,1.4473684210526316,1.9714132784592944,5.234020980877434,0.34782608695652173,0.3225806451612903,0.2608695652173913,0.27956989247311825,25.362502720167043,93
0.4946236559139785,1.5833333333333333,1.961902061290866,5.320551782865646,0.358695652173913,0.1075268817204301,0.21739130434782608,0.25806451612903225,23.446622265696224,93
0.5,0.9047619047619048,1.9525093249150798,4.484255144794799,0.1794871794871795,0.0,0.3333333333333333,0.2,10.243223682246011,40
0.525,1.0,1.9525093249150798,4.43162356584743,0.20512820512820512,0.0,0.3333333333333333,0.25,10.755384866358312,40
0.475,0.9047619047619048,1.9664303577700677,4.681880802803404,0.1794871794871795,0.0,0.28205128205128205,0.2,9.662173014544475,40
0.55,1.0,1.9634212546816499,4.5567521843254175,0.20512820512820512,0.0,0.3333333333333333,0.2,11.204925454798357,40
0.525,0.5384615384615384,1.7752459615589784,4.309730554117184,0.10256410256410256,0.0,0.38461538461538464,0.15,11.82934006069686,40
0.6,0.7391304347826086,1.8161327621439713,4.662015342220156,0.15384615384615385,0.0,0.28205128205128205,0.05,13.214885654494779,40
0.425,1.105263157894737,1.9497150925362365,4.5766176449086675,0.3333333333333333,0.0,0.4358974358974359,0.35,8.719218180061283,40
0.45,1.105263157894737,1.9428189358424668,4.6292492238560365,0.3333333333333333,0.25,0.46153846153846156,0.3,9.264883311069507,40
0.525,0.6,1.9172871414591832,4.649114684439285,0.10256410256410256,0.0,0.2564102564102564,0.3,10.952970263518978,40
0.525,1.0,1.9525093249150798,4.701746263386653,0.20512820512820512,0.0,0.2564102564102564,0.15,10.755384866358312,40
0.6,0.9047619047619048,1.8004129989374205,4.543851526544547,0.20512820512820512,0.25,0.3076923076923077,0.2,13.330267379705152,40
0.575,0.6666666666666666,1.8373567524954186,4.481627106107698,0.1794871794871795,0.0,0.38461538461538464,0.2,12.517975864396801,40
0.46153846153846156,0.8571428571428571,1.6143308351592656,3.5273227992092884,0.23684210526315788,0.0,0.4473684210526316,0.10256410256410256,11.150123913788871,39
0.6,3.0,1.3527241956246545,3.127986806877675,0.5789473684210527,2.0,0.5263157894736842,0.0,8.870981363261073,20
0.5555555555555556,1.5,1.864298701476143,4.739990917392169,0.38636363636363635,0.8888888888888888,0.3409090909090909,0.2222222222222222,13.40986107555836,45
0.5555555555555556,2.4615384615384617,1.823680821199943,4.608561046359536,0.5454545454545454,0.6666666666666666,0.4090909090909091,0.2222222222222222,13.708531668945708,45
0.6304347826086957,1.3,1.8974604537183477,4.6978458230844105,0.35555555555555557,0.8695652173913044,0.26666666666666666,0.34782608695652173,15.283577931541293,46
0.5555555555555556,1.368421052631579,1.847906461885397,4.524988301163413,0.4090909090909091,0.6666666666666666,0.4090909090909091,0.3111111111111111,13.528815980045241,45
0.7674418604651163,2.3076923076923075,1.6570042887808072,4.259514199528964,0.4523809523809524,0.9302325581395349,0.35714285714285715,0.27906976744186046,19.9154463920153,43
0.5555555555555556,1.25,1.9048750051552579,4.594672032363178,0.37142857142857144,0.5555555555555556,0.2857142857142857,0.1111111111111111,10.499371059256895,36
0.55,1.6666666666666667,1.9350749864522467,4.662015342220156,0.38461538461538464,0.25,0.2564102564102564,0.25,11.369062586702153,40
0.37662337662337664,0.8780487804878049,1.9258926187989185,5.117030984025826,0.19736842105263158,0.12987012987012986,0.18421052631578946,0.33766233766233766,15.057944902525728,77
0.575,1.3529411764705883,1.4508774745753188,3.5838408455520816,0.3333333333333333,0.75,0.48717948717948717,0.1,15.852464836334583,40
0.5125,1.105263157894737,1.997336807154562,5.314266244992322,0.26582278481012656,0.25,0.17721518987341772,0.25,20.52732384734119,80
0.5555555555555556,1.1176470588235294,1.9341956474579238,4.440404017720927,0.2857142857142857,0.0,0.2571428571428571,0.5,10.340210250227454,36
0.5675675675675675,1.1764705882352942,1.9584661817581865,4.707714802597438,0.3055555555555556,0.0,0.25,0.21621621621621623,10.722671380761941,37
0.4305555555555556,1.3225806451612903,1.9657616170187582,4.92172123104524,0.3380281690140845,0.1388888888888889,0.2676056338028169,0.3333333333333333,15.769961098870661,72
0.4583333333333333,1.7692307692307692,1.9280485537853387,4.990017217489904,0.4225352112676056,0.1388888888888889,0.30985915492957744,0.3333333333333333,17.11574266087255,72
0.76,1.0833333333333333,1.7841230076057295,4.636842188131014,0.32653061224489793,0.8,0.3469387755102041,0.24,21.298967918152446,50
0.5416666666666666,1.4827586206896552,1.900567770210594,5.029372753235097,0.30985915492957744,0.1388888888888889,0.22535211267605634,0.2777777777777778,20.520173019405437,72
0.4507042253521127,1.3666666666666667,1.9704135112396246,5.1662121378121695,0.3142857142857143,0.14084507042253522,0.3,0.36619718309859156,16.24023768474391,71
0.75,1.5454545454545454,1.674398693025764,3.946222776816599,0.37037037037037035,1.0714285714285714,0.37037037037037035,0.21428571428571427,12.541808319405177,28
0.56,1.173913043478261,1.9813152774012364,4.886842188131012,0.2653061224489796,0.4,0.2857142857142857,0.24,14.13201936478601,50
0.56,1.2727272727272727,1.9535209511274698,5.19423567775942,0.32653061224489793,0.2,0.2857142857142857,0.24,14.333086958065602,50
0.62,1.173913043478261,1.9281777783928793,4.9025690110927505,0.2857142857142857,0.2,0.32653061224489793,0.28,16.0773473639401,50
0.56,1.2727272727272727,1.9535209511274698,4.954448698502606,0.3673469387755102,0.4,0.22448979591836735,0.24,14.333086958065602,50
0.6909090909090909,0.8333333333333334,1.872545744066597,4.963216209035259,0.24074074074074073,0.18181818181818182,0.24074074074074073,0.2909090909090909,20.293218377809712,55
0.6041666666666666,0.92,1.915756049678015,4.7786779885246125,0.2127659574468085,0.20833333333333334,0.2765957446808511,0.20833333333333334,15.137618835788226,48
0.5526315789473685,1.375,1.9680580042642433,4.760067015271105,0.2702702702702703,0.2631578947368421,0.16216216216216217,0.15789473684210525,10.670411788721157,38
0.575,1.105263157894737,1.9177560513007377,4.596483105491916,0.28205128205128205,0.25,0.358974358974359,0.45,11.993177125538411,40
0.7121212121212122,1.64,1.7451443102462891,4.503928031846025,0.35384615384615387,0.7575757575757576,0.2923076923076923,0.24242424242424243,26.931854742438027,66
0.41304347826086957,1.3,1.9626412219947367,4.834209459448046,0.3333333333333333,0.0,0.28888888888888886,0.30434782608695654,9.680827094756628,46
0.5142857142857142,1.5,1.8217661977911543,4.438333513297847,0.38235294117647056,0.2857142857142857,0.35294117647058826,0.11428571428571428,9.880516029613737,35
0.58,1.2727272727272727,1.8815350140877956,4.954448698502606,0.24489795918367346,0.2,0.24489795918367346,0.2,15.412939100216878,50
0.64,2.5714285714285716,1.7450464172773454,3.936180434129755,0.5833333333333334,0.4,0.4166666666666667,0.4,9.168805295252945,25
0.5714285714285714,1.8,1.877387064296613,4.209867121904035,0.48148148148148145,0.35714285714285715,0.37037037037037035,0.5,8.52247881206947,28
0.48484848484848486,1.3571428571428572,1.8962027432393405,4.4538809876666505,0.40625,0.30303030303030304,0.46875,0.24242424242424243,8.437911831492713,33
0.5,1.2857142857142858,1.8828560636920488,4.481727678869737,0.3870967741935484,0.3125,0.4838709677419355,0.25,8.497724181264184,32
0.5538461538461539,2.25,1.8537191282212973,4.815990090821661,0.46875,0.0,0.375,0.2153846153846154,19.420407348407622,65
0.45,1.3529411764705883,1.9628876215181603,4.4713544870139295,0.20512820512820512,0.25,0.15384615384615385,0.3,9.170158613522467,40
0.6075949367088608,1.1944444444444444,1.9591733131024778,5.34952432662879,0.2692307692307692,0.2531645569620253,0.21794871794871795,0.43037974683544306,24.500117053897533,79
0.5869565217391305,1.1904761904761905,1.972007284217098,4.7715983798534225,0.26666666666666666,0.2173913043478261,0.24444444444444444,0.34782608695652173,13.69162605253416,46
0.5769230769230769,1.1666666666666667,1.9127317997674897,4.168295834054489,0.28,0.3846153846153846,0.32,0.15384615384615385,7.842182662326587,26
0.5882352941176471,1.125,1.8512268158971916,3.906890595608518,0.3125,0.5882352941176471,0.3125,0.5882352941176471,5.401820302248177,17
0.5333333333333333,1.1428571428571428,1.8322628970242685,3.7004397181410926,0.2857142857142857,0.0,0.2857142857142857,0.5333333333333333,4.366183284510812,15
0.525,0.8181818181818182,1.9887586809150082,4.280693631807705,0.3076923076923077,0.5,0.3333333333333333,0.2,10.559345204714786,40
0.5972222222222222,0.7560975609756098,1.9533571581363338,5.2861465882499115,0.18309859154929578,0.1388888888888889,0.2676056338028169,0.3055555555555556,22.013372110430367,72
0.5138888888888888,0.7142857142857143,1.9735549716526215,5.214438730983426,0.1267605633802817,0.0,0.2112676056338028,0.3611111111111111,18.747884798532898,72
0.4583333333333333,0.7142857142857143,1.9747094923652864,5.093149802473813,0.14084507042253522,0.0,0.22535211267605634,0.25,16.711310406049936,72
0.5492957746478874,1.4482758620689655,1.905572247369142,5.184257246476468,0.3142857142857143,0.14084507042253522,0.2571428571428571,0.30985915492957744,20.46628228741345,71
0.4861111111111111,1.4,1.9658925753262104,5.2861465882499115,0.323943661971831,0.1388888888888889,0.2112676056338028,0.3611111111111111,17.80360871986281,72
0.5277777777777778,1.5714285714285714,1.9372084335271702,5.189648195361862,0.36619718309859156,0.2777777777777778,0.30985915492957744,0.2777777777777778,19.615845010010908,72
0.5277777777777778,0.5652173913043478,1.9411872994313595,5.164857659740296,0.08450704225352113,0.0,0.23943661971830985,0.25,19.575638288738656,72
0.5068493150684932,0.5869565217391305,1.9379229365823138,5.1563763446739665,0.05555555555555555,0.0,0.20833333333333334,0.273972602739726,19.092596619273152,73
0.4722222222222222,1.1818181818181819,1.9923668874760434,5.375641766914061,0.2535211267605634,0.1388888888888889,0.22535211267605634,0.3888888888888889,17.065121463622678,72
0.4305555555555556,0.6,1.9395261896766787,5.18964819536186,0.08450704225352113,0.0,0.19718309859154928,0.3055555555555556,15.983276834168917,72
0.5211267605633803,1.84,1.912220420410275,5.1138985077478685,0.38571428571428573,0.14084507042253522,0.22857142857142856,0.22535211267605634,19.349223685644887,71
0.5138888888888888,0.6,1.9538401980538054,5.196651409585762,0.1267605633802817,0.1388888888888889,0.323943661971831,0.3611111111111111,18.937055906516456,72
0.4861111111111111,0.8461538461538461,1.9589980960948543,5.282365695300049,0.19718309859154928,0.2777777777777778,0.2676056338028169,0.3333333333333333,17.866266538749496,72
0.4722222222222222,0.6363636363636364,1.960430560710814,5.275362481076147,0.1267605633802817,0.0,0.18309859154929578,0.2777777777777778,17.343120097328097,72
0.5277777777777778,0.5652173913043478,1.9401124556868892,5.11329136724834,0.14084507042253522,0.0,0.23943661971830985,0.2777777777777778,19.586483403129773,72
0.5,0.3333333333333333,1.5,2.794653473544342,0.0,0.0,0.05263157894736842,0.2,6.6666622222251855,20
0.5454545454545454,0.375,1.5394847569315018,3.084183719779189,0.0,0.0,0.047619047619047616,0.2727272727272727,7.794810667114169,22
0.5,0.4117647058823529,1.7069084251518167,3.243300368538957,0.0,0.0,0.043478260869565216,0.3333333333333333,7.030250008100278,24
0.5384615384615384,0.4444444444444444,1.725181382994295,3.3553885422075336,0.0,0.0,0.04,0.38461538461538464,8.11508402705866,26
0.5714285714285714,0.47368421052631576,1.7340067861643802,3.5654483718208247,0.0,0.0,0.037037037037037035,0.42857142857142855,9.227178867167575,28
0.6,0.5,1.7364773345761222,3.753434386188785,0.034482758620689655,0.0,0.10344827586206896,0.4666666666666667,10.365807416994832,30
0.6842105263157895,1.7142857142857142,1.7229712791784753,3.5280643115840493,0.2777777777777778,0.5263157894736842,0.2777777777777778,0.21052631578947367,7.545101077423305,19
0.47368421052631576,1.1111111111111112,1.6163485660751646,3.3371753411230767,0.3333333333333333,0.5263157894736842,0.4444444444444444,0.3157894736842105,5.568102463042005,19
0.7142857142857143,1.3333333333333333,1.7814164026211203,3.8268748818646365,0.2,0.47619047619047616,0.2,0.47619047619047616,8.420261291895702,21
0.42,1.0,1.976710230523263,5.532678211285539,0.25252525252525254,0.2,0.2222222222222222,0.18,21.247413052275732,100
0.6111111111111112,1.7692307692307692,1.8695710038552737,4.550266885177091,0.45714285714285713,0.2777777777777778,0.37142857142857144,0.5555555555555556,11.767399145169833,36
0.5063291139240507,0.975,1.966039495408201,5.360625014580393,0.21794871794871795,0.0,0.20512820512820512,0.22784810126582278,20.34546088619348,79
0.5063291139240507,0.8809523809523809,1.9770895508680184,5.318480696426671,0.20512820512820512,0.12658227848101264,0.1794871794871795,0.12658227848101267,20.23174911358434,79
0.5375,0.9512195121951219,1.9656787365317685,5.3908581482107465,0.20253164556962025,0.125,0.20253164556962025,0.2,21.875384479400953,80
0.5833333333333334,0.8461538461538461,1.9747094155554674,5.028890488618677,0.23404255319148937,0.20833333333333334,0.2765957446808511,0.20833333333333334,14.179294229389004,48
0.6666666666666666,1.1,1.9035239700887407,4.936816182102382,0.22580645161290322,0.4761904761904762,0.27419354838709675,0.25396825396825395,22.064328369720307,63
0.42857142857142855,0.9444444444444444,1.6405482644925606,4.187889194919351,0.20588235294117646,0.2857142857142857,0.35294117647058826,0.17142857142857143,9.143279220352861,35
0.6,1.105263157894737,1.9253845973796335,4.589518302689537,0.2564102564102564,0.0,0.20512820512820512,0.4,12.465035592175907,40
0.5,1.5,1.9634212546816499,4.754377842334022,0.358974358974359,0.5,0.3076923076923077,0.4,10.186295867998506,40
0.65,3.4444444444444446,1.6952384123457525,4.238334671954105,0.5897435897435898,0.5,0.2564102564102564,0.25,15.33706673561998,40
0.5,2.3333333333333335,1.872673089917312,4.701746263386653,0.41025641025641024,0.5,0.28205128205128205,0.2,10.679914944988159,40
0.54,1.2727272727272727,1.9842853774344598,5.46003111456346,0.30303030303030304,0.3,0.25252525252525254,0.28,27.21381379930559,100
0.43,1.0,1.9855207081278545,5.532941798519856,0.23232323232323232,0.1,0.18181818181818182,0.16,21.65677656606668,100
0.44,1.0833333333333333,1.98315180060563,5.502529043506119,0.25252525252525254,0.1,0.20202020202020202,0.28,22.18689350944766,100
0.5252525252525253,1.25,1.9776436210456068,5.404929306122851,0.2653061224489796,0.30303030303030304,0.1836734693877551,0.2222222222222222,26.293905106422468,99
0.574468085106383,1.35,1.966571391613779,4.808411151837152,0.34782608695652173,0.425531914893617,0.2608695652173913,0.3404255319148936,13.729471701697017,47
0.5529411764705883,1.236842105263158,1.9771814527977336,5.1882503534671915,0.30952380952380953,0.23529411764705882,0.27380952380952384,0.3058823529411765,23.77120024178574,85
0.6078431372549019,0.9615384615384616,1.9288652017355497,4.93083688484323,0.26,0.3921568627450981,0.28,0.19607843137254902,16.071617602147267,51
0.5882352941176471,0.8214285714285714,1.9691780205798515,5.068691731826158,0.24,0.3921568627450981,0.24,0.27450980392156865,15.234775348747162,51
0.6136363636363636,0.9130434782608695,1.955971756006332,4.755296291774869,0.27906976744186046,0.22727272727272727,0.20930232558139536,0.4090909090909091,13.803873247768587,44
0.5102040816326531,1.45,1.9750182167543615,4.637154479789049,0.3125,0.4081632653061224,0.20833333333333334,0.20408163265306123,12.658104684714731,49
0.603448275862069,1.4166666666666667,1.94635660282305,4.838343091584562,0.3333333333333333,0.3448275862068966,0.21052631578947367,0.3103448275862069,17.982307027873528,58
0.5897435897435898,0.7727272727272727,1.9571367376605893,4.810672622327238,0.23684210526315788,0.25641025641025644,0.2631578947368421,0.41025641025641024,11.751855557949854,39
0.45,0.42857142857142855,1.8709505944546687,4.523986065961298,0.07692307692307693,0.0,0.2564102564102564,0.15,9.620772687733009,40
0.5365853658536586,0.782608695652174,1.9845622787025285,4.24040510342216,0.3,0.48780487804878053,0.3,0.1951219512195122,11.085562368353003,41
0.55,1.3076923076923077,1.9438213896449774,5.19824543467084,0.3389830508474576,0.5,0.3220338983050847,0.3,16.97685970477332,60
0.5666666666666667,1.3076923076923077,1.9493978533396061,5.129279917429459,0.3389830508474576,0.5,0.3220338983050847,0.3333333333333333,17.441274237826196,60
0.6,1.0689655172413792,1.870273882581508,4.871441668422854,0.288135593220339,0.6666666666666666,0.2711864406779661,0.23333333333333334,19.24850744416234,60
0.5833333333333334,1.0689655172413792,1.8601742238971373,4.809206487829116,0.288135593220339,0.6666666666666666,0.2711864406779661,0.23333333333333334,18.81543176705347,60
0.5833333333333334,1.0689655172413792,1.8601742238971373,4.754978090799345,0.288135593220339,0.6666666666666666,0.288135593220339,0.26666666666666666,18.81543176705347,60
0.35,0.6216216216216216,1.8584413226293117,4.646966668273648,0.0847457627118644,0.0,0.23728813559322035,0.5333333333333333,11.299785709943015,60
0.5084745762711864,2.1052631578947367,1.904712632486646,4.804307724987712,0.46551724137931033,0.6779661016949152,0.3620689655172414,0.1694915254237288,15.750399161491975,59
0.65,2.0,1.7109372491045616,4.577279703101813,0.4406779661016949,1.0,0.3050847457627119,0.13333333333333333,22.79451056776075,60
0.6896551724137931,2.2222222222222223,1.734393742352821,4.458680146426704,0.45614035087719296,1.0344827586206897,0.3333333333333333,0.13793103448275862,23.06280053970722,58
0.5901639344262295,1.9047619047619047,1.9047049598753054,4.9923155067689455,0.38333333333333336,0.6557377049180328,0.26666666666666666,0.19672131147540983,18.900555129442026,61
0.5409836065573771,1.7727272727272727,1.8864366398254924,4.6277430490684885,0.43333333333333335,0.6557377049180328,0.4166666666666667,0.13114754098360656,17.49328962872725,61
0.36363636363636365,0.1,1.2406705316766884,3.246439344671016,0.0,0.0,0.5238095238095238,0.18181818181818182,6.448120873047285,22
0.4909090909090909,1.1153846153846154,1.9953806815174855,5.034432011126151,0.3148148148148148,0.0,0.2222222222222222,0.21818181818181817,13.531245801287767,55
0.46296296296296297,1.0769230769230769,1.990757047408821,4.964580823785508,0.32075471698113206,0.0,0.2830188679245283,0.25925925925925924,12.5580303606157,54
0.4305555555555556,0.5319148936170213,1.9137885164766302,5.162872438491473,0.07042253521126761,0.0,0.2535211267605634,0.2777777777777778,16.198228558108287,72
0.47959183673469385,1.2272727272727273,1.979526820638701,5.336904818136519,0.32989690721649484,0.1020408163265306,0.23711340206185566,0.22448979591836735,23.74303584419203,98
0.44329896907216493,0.9019607843137255,1.94928810535019,5.403603108125988,0.23958333333333334,0.10309278350515465,0.22916666666666666,0.24742268041237114,22.05932402842576,97
0.4639175257731959,0.94,1.9829109852758755,5.399765971530195,0.21875,0.10309278350515465,0.17708333333333334,0.2268041237113402,22.693896821516923,97
0.44329896907216493,0.7321428571428571,1.9725188382411851,5.416709555471635,0.17708333333333334,0.0,0.25,0.20618556701030927,21.799527267792314,97
0.6190476190476191,2.0,1.8221189251103271,3.997670276487613,0.5,0.47619047619047616,0.4,0.47619047619047616,7.134546865356772,21
0.4861111111111111,0.5652173913043478,1.938569591162001,5.139508552442905,0.08450704225352113,0.0,0.2112676056338028,0.3611111111111111,18.054539855069507,72
0.6071428571428571,1.0,1.9627570473524412,4.392747410448784,0.2962962962962963,0.35714285714285715,0.2962962962962963,0.6428571428571429,8.66128151808179,28
0.6071428571428571,1.0,1.9315602842833155,4.23890125660263,0.2962962962962963,0.35714285714285715,0.3333333333333333,0.5,8.801170399471774,28
0.5777777777777777,1.1428571428571428,1.958663021207065,4.943592952326203,0.29545454545454547,0.2222222222222222,0.3181818181818182,0.4,13.274354212100649,45
0.6,1.1428571428571428,1.955988262906249,4.786502545299146,0.29545454545454547,0.2222222222222222,0.29545454545454547,0.4,13.803756754719014,45
0.5555555555555556,1.1428571428571428,1.9775238440376315,4.99010458023318,0.29545454545454547,0.2222222222222222,0.3409090909090909,0.35555555555555557,12.642066204819958,45
0.6,1.1428571428571428,1.955988262906249,4.943592952326203,0.29545454545454547,0.2222222222222222,0.3181818181818182,0.35555555555555557,13.803756754719014,45
0.5555555555555556,1.1428571428571428,1.955988262906249,4.990104580233179,0.3181818181818182,0.2222222222222222,0.3181818181818182,0.26666666666666666,12.781256254369458,45
0.5111111111111111,1.25,1.9904346909466677,5.147194987260237,0.3181818181818182,0.2222222222222222,0.20454545454545456,0.2222222222222222,11.555259034297666,45
0.5555555555555556,1.1428571428571428,1.985291349406031,4.943592952326203,0.25,0.0,0.18181818181818182,0.17777777777777778,12.592603808441421,45
0.4666666666666667,1.25,1.9717261474187306,4.943592952326203,0.3409090909090909,0.2222222222222222,0.25,0.3111111111111111,10.650560868673928,45
0.5555555555555556,1.5,1.937675090604753,4.722435394086042,0.4318181818181818,0.0,0.29545454545454547,0.08888888888888889,12.902053197238681,45
0.4222222222222222,0.9565217391304348,1.9816300155847228,4.775101964004424,0.20454545454545456,0.0,0.22727272727272727,0.4444444444444444,9.588061475911873,45
0.5789473684210527,1.2352941176470589,1.7711891243818365,4.0860486123130375,0.2702702702702703,0.0,0.21621621621621623,0.21052631578947367,12.42102679839536,38
0.6470588235294118,1.125,1.8726696380501495,4.601409765557392,0.24242424242424243,0.29411764705882354,0.30303030303030304,0.4117647058823529,11.74792809423589,34
0.6486486486486487,1.1764705882352942,1.8437959328456848,4.629003731107053,0.2222222222222222,0.27027027027027023,0.2777777777777778,0.16216216216216217,13.016617813198556,37
0.6730769230769231,1.3636363636363635,1.7784228685962378,4.661467880199452,0.29411764705882354,0.3846153846153846,0.3137254901960784,0.2692307692307692,19.68034764829519,52
0.6428571428571429,0.8666666666666667,1.9153068533625803,4.893233335256415,0.16363636363636364,0.17857142857142858,0.23636363636363636,0.4642857142857143,18.795933999224804,56
0.6909090909090909,0.9642857142857143,1.8837601257612828,4.7133084260572105,0.18518518518518517,0.18181818181818182,0.2222222222222222,0.4727272727272727,20.172409059903014,55
0.5873015873015873,0.8529411764705882,1.9464605026548432,5.159925042339053,0.1935483870967742,0.15873015873015872,0.27419354838709675,0.15873015873015872,19.008852705041676,63
0.5740740740740741,1.0769230769230769,1.9197825274063334,5.041503900708586,0.18867924528301888,0.18518518518518517,0.24528301886792453,0.1111111111111111,16.14765391902369,54
0.589041095890411,0.8717948717948718,1.953593634941703,5.1563763446739665,0.1527777777777778,0.136986301369863,0.2222222222222222,0.2191780821917808,22.010707457375446,73
0.6086956521739131,1.2258064516129032,1.8683050331046007,5.040282385186121,0.25,0.2898550724637681,0.27941176470588236,0.2898550724637681,22.48025711837358,69
0.6136363636363636,1.0,1.9226754683112182,5.187852040004215,0.20689655172413793,0.22727272727272727,0.25287356321839083,0.29545454545454547,28.08584849817758,88
0.4666666666666667,1.1428571428571428,1.9898980954642873,5.116264615668021,0.288135593220339,0.16666666666666666,0.2711864406779661,0.1,14.071065243369532,60
0.55,0.7142857142857143,1.8601813623668932,4.791182667870205,0.13559322033898305,0.0,0.3050847457627119,0.3,17.74019615905338,60
0.5666666666666667,1.3076923076923077,1.9382689280764644,5.1078124605702095,0.2711864406779661,0.16666666666666666,0.1694915254237288,0.26666666666666666,17.54141644953525,60
0.5333333333333333,0.9354838709677419,1.8974451901534668,4.848854701800316,0.1694915254237288,0.0,0.22033898305084745,0.2,16.864773381221323,60
0.6333333333333333,0.5384615384615384,1.8413453560000672,4.730669305726637,0.11864406779661017,0.0,0.288135593220339,0.26666666666666666,20.637073452355214,60
0.6829268292682927,1.7333333333333334,1.8355713405415202,4.201692923824033,0.4,0.48780487804878053,0.175,0.24390243902439024,15.254097799130927,41
0.6,2.5714285714285716,1.7108562983864117,4.055958151615123,0.4583333333333333,0.8,0.375,0.08,8.767534273108103,25
0.46153846153846156,1.6,1.9567224094223492,4.998562939644918,0.39215686274509803,0.1923076923076923,0.29411764705882354,0.38461538461538464,12.265402398944632,52
0.494949494949495,1.0625,1.9991946256285793,5.5145085894536825,0.2755102040816326,0.0,0.2857142857142857,0.3838383838383838,24.50985755063045,99
0.6,1.7272727272727273,1.8214208010203017,4.351823225551767,0.3448275862068966,0.6666666666666666,0.27586206896551724,0.2,9.882389674877604,30
0.7222222222222222,2.0,1.7652465283787413,3.577819531114783,0.47058823529411764,1.1111111111111112,0.5294117647058824,0.3333333333333333,7.364406289207276,18
0.6333333333333333,1.1428571428571428,1.8278779675310317,4.423251796980339,0.27586206896551724,0.3333333333333333,0.2413793103448276,0.3333333333333333,10.394561312592728,30
0.6666666666666666,1.5,1.8743412043048169,4.208966082694624,0.41379310344827586,1.0,0.4827586206896552,0.4666666666666667,10.670410106578105,30
0.6333333333333333,1.0,1.768730050503787,4.307354922057605,0.2413793103448276,0.6666666666666666,0.3448275862068966,0.2,10.742164556102658,30
0.6,1.1428571428571428,1.889246428509158,4.253434386188785,0.27586206896551724,0.3333333333333333,0.27586206896551724,0.4666666666666667,9.527603281802083,30
0.5666666666666667,1.3076923076923077,1.9493978533396061,4.307354922057605,0.3448275862068966,0.6666666666666666,0.4827586206896552,0.4666666666666667,8.720637118913098,30
0.5862068965517241,1.0714285714285714,1.9075146913573235,4.356558335416675,0.32142857142857145,0.6896551724137931,0.35714285714285715,0.3448275862068966,8.912115416415462,29
0.7,1.7272727272727273,1.7110804962442778,3.8518232255517657,0.3793103448275862,0.6666666666666666,0.3103448275862069,0.2,12.272939685277267,30
0.5333333333333333,1.3076923076923077,1.9344518194827178,4.593069207771891,0.3103448275862069,0.3333333333333333,0.2413793103448276,0.2,8.27107274928446,30
0.6333333333333333,1.3076923076923077,1.7846406994282937,4.378783493486177,0.3448275862068966,0.6666666666666666,0.3103448275862069,0.3333333333333333,10.646394739115763,30
0.5666666666666667,1.1428571428571428,1.7708944360461423,4.307354922057605,0.27586206896551724,0.3333333333333333,0.3103448275862069,0.26666666666666666,9.599663342041078,30
0.6333333333333333,2.3333333333333335,1.7110804962442778,4.164497779200461,0.41379310344827586,0.6666666666666666,0.27586206896551724,0.2,11.104088286679431,30
0.5666666666666667,1.4,1.964669551634693,5.090234012145142,0.2711864406779661,0.16666666666666666,0.23728813559322035,0.3,17.305700424791574,60
0.4745762711864407,1.565217391304348,1.9476087765281198,5.021229268436839,0.3103448275862069,0.1694915254237288,0.25862068965517243,0.2033898305084746,14.376596553090744,59
0.6949152542372882,0.9666666666666667,1.8689852989434272,4.867634750855023,0.22413793103448276,0.1694915254237288,0.3103448275862069,0.23728813559322035,21.937025446991274,59
0.6166666666666667,0.8181818181818182,1.929059075894759,4.909368063943884,0.2033898305084746,0.0,0.3050847457627119,0.3,19.180325414613247,60
0.5254237288135594,0.7878787878787878,1.9135339522556145,4.639221592808465,0.08620689655172414,0.0,0.1896551724137931,0.3728813559322034,16.20038346488429,59
0.575,1.105263157894737,1.7943691038519398,4.007942895581382,0.15384615384615385,0.0,0.1794871794871795,0.15,12.817868482442025,40
0.6,0.9047619047619048,1.8004129989374205,4.238334671954105,0.1282051282051282,0.0,0.1794871794871795,0.25,13.330267379705152,40
0.65,1.5,1.8094012774561379,4.5041206053780485,0.28205128205128205,0.5,0.23076923076923078,0.4,14.369386135930888,40
0.5,1.1538461538461537,1.996316519558962,5.143414353855061,0.32727272727272727,0.0,0.16363636363636364,0.39285714285714285,14.025824912955692,56
0.5686274509803921,0.9615384615384616,1.9833045811781282,5.012469537904455,0.24,0.3921568627450981,0.2,0.35294117647058826,14.62205334125735,51
0.575,0.6666666666666666,1.9324633304044567,5.167985353528,0.1518987341772152,0.0,0.21518987341772153,0.25,23.803802883322764,80
0.7777777777777778,1.4545454545454546,1.6825003405631096,4.023465189601646,0.34615384615384615,0.7407407407407407,0.38461538461538464,0.5185185185185185,12.481416503936689,27
0.7037037037037037,1.0769230769230769,1.785227892260356,4.083856189774724,0.23076923076923078,0.37037037037037035,0.3076923076923077,0.37037037037037035,10.642892954719814,27
0.7407407407407407,0.9285714285714286,1.7847870098513243,4.003856189774725,0.23076923076923078,0.37037037037037035,0.38461538461538464,0.2962962962962963,11.205812617301275,27
0.4861111111111111,0.7560975609756098,1.9854724082446875,5.31471801682134,0.2112676056338028,0.0,0.2676056338028169,0.3055555555555556,17.62803765321779,72
0.8275862068965517,3.142857142857143,1.4590697871865872,3.559900001923084,0.6428571428571429,1.3793103448275863,0.5714285714285714,0.41379310344827586,16.448824971869485,29
0.6078431372549019,0.8888888888888888,1.962887464478969,4.971653211373843,0.26,0.19607843137254904,0.26,0.35294117647058826,15.793052209020276,51
0.6578947368421053,0.8095238095238095,1.9185070878502462,4.537844793048882,0.2702702702702703,0.2631578947368421,0.1891891891891892,0.21052631578947367,13.030958878058916,38
0.49295774647887325,0.6904761904761905,1.9686448085106876,5.327737457054586,0.15714285714285714,0.0,0.24285714285714285,0.3380281690140845,17.778718674883457,71
0.42045454545454547,1.0,1.9812826391210898,5.4201098126906935,0.22988505747126436,0.11363636363636363,0.21839080459770116,0.3181818181818182,18.674761790499335,88
0.43902439024390244,0.9523809523809523,1.9665707962248806,5.009635872652929,0.2,0.0,0.25,0.34146341463414637,9.15298390557294,41
0.5581395348837209,1.0476190476190477,1.9710089951046479,4.967308102179059,0.23809523809523808,0.23255813953488372,0.2619047619047619,0.27906976744186046,12.17649837373136,43
0.4918032786885246,0.525,1.9039420977858161,4.969519270024091,0.15,0.1639344262295082,0.21666666666666667,0.32786885245901637,15.756773421899213,61
0.6222222222222222,1.1428571428571428,1.9479263580876798,4.833014173206122,0.2727272727272727,0.2222222222222222,0.3181818181818182,0.4444444444444444,14.374252655647373,45
0.5777777777777777,1.5,1.7704353698196322,4.332786847524101,0.3409090909090909,0.8888888888888888,0.36363636363636365,0.26666666666666666,14.685644987426922,45
0.6,1.5,1.7967916319816364,4.579604941758687,0.3409090909090909,0.6666666666666666,0.36363636363636365,0.2222222222222222,15.026775777804918,45
0.6,2.4615384615384617,1.669336019255345,4.248841720211617,0.5,0.4444444444444444,0.3181818181818182,0.17777777777777778,16.174085693040052,45
0.5111111111111111,1.6470588235294117,1.8175050051242716,4.571499929070389,0.4090909090909091,0.6666666666666666,0.4318181818181818,0.17777777777777778,12.654703717706496,45
0.6222222222222222,2.0,1.7469124103957867,4.4348882318395235,0.38636363636363635,0.6666666666666666,0.2727272727272727,0.08888888888888889,16.028270109653704,45
0.6,1.5,1.8519580160726974,4.387403488119375,0.4090909090909091,0.6666666666666666,0.3409090909090909,0.2222222222222222,14.579156323478886,45
0.5333333333333333,1.25,1.7933331592559045,4.5363888824581355,0.3181818181818182,0.6666666666666666,0.3409090909090909,0.13333333333333333,13.382893464739528,45
0.5111111111111111,2.2142857142857144,1.7034642777545308,4.332786847524101,0.45454545454545453,0.4444444444444444,0.36363636363636365,0.08888888888888889,13.501889530920218,45
0.4888888888888889,1.1428571428571428,1.8307865801053231,4.768947021993019,0.2727272727272727,0.4444444444444444,0.3409090909090909,0.13333333333333333,12.016686282487434,45
0.5192307692307693,2.0588235294117645,1.8380858252767571,5.013660689688187,0.4117647058823529,0.3846153846153846,0.21568627450980393,0.15384615384615385,14.689186402244447,52
0.6037735849056604,2.1176470588235294,1.7846329747541572,4.586463028535141,0.4807692307692308,0.7547169811320755,0.3076923076923077,0.11320754716981132,17.930847699124506,53
0.5490196078431373,2.0,1.8549632159320524,4.719315905728939,0.42,0.7843137254901962,0.26,0.27450980392156865,15.094630807166821,51
0.5192307692307693,2.466666666666667,1.740454066911106,4.71326968951511,0.49019607843137253,0.1923076923076923,0.29411764705882354,0.11538461538461539,15.51318417425081,52
0.64,1.5,1.8968349155882076,4.746115365169275,0.40816326530612246,0.4,0.3469387755102041,0.16,16.870199334071984,50
0.5569620253164557,1.8214285714285714,1.914822231851757,5.172775749038702,0.3974358974358974,0.37974683544303794,0.3333333333333333,0.25316455696202533,22.97862239609929,79
0.4939759036144578,1.1842105263157894,1.9937547021536635,5.320969447168811,0.3048780487804878,0.12048192771084336,0.2682926829268293,0.21686746987951808,20.564204508963474,83
0.4880952380952381,0.8666666666666667,1.9814076687505122,5.288664925450469,0.20481927710843373,0.11904761904761904,0.25301204819277107,0.21428571428571427,20.69234915877038,84
0.5294117647058824,1.0238095238095237,1.9117702808832173,5.095053516195992,0.2857142857142857,0.47058823529411764,0.30952380952380953,0.18823529411764706,23.538380584528134,85
0.4457831325301205,0.8863636363636364,1.9882401132250955,5.1343099968137045,0.24390243902439024,0.12048192771084336,0.2926829268292683,0.1686746987951807,18.609412990149302,83
0.5952380952380952,1.2702702702702702,1.919776886509255,5.174701779499902,0.3253012048192771,0.35714285714285715,0.2891566265060241,0.2857142857142857,26.04467962224283,84
0.5679012345679012,1.25,1.9013786343085604,5.091243407141397,0.325,0.2469135802469136,0.2875,0.2222222222222222,24.192959243895537,81
0.5421686746987951,1.1282051282051282,1.8770069130799794,5.0738581825885225,0.2682926829268293,0.24096385542168672,0.2804878048780488,0.1927710843373494,23.974326206307556,83
0.4642857142857143,1.048780487804878,1.989077782219974,5.193113669796571,0.3253012048192771,0.23809523809523808,0.3253012048192771,0.23809523809523808,19.607066521755776,84
0.5952380952380952,1.2702702702702702,1.8773732543754744,5.152747278770875,0.3253012048192771,0.23809523809523808,0.30120481927710846,0.16666666666666666,26.632942197576345,84
0.43902439024390244,0.9523809523809523,1.9845622787025285,4.855789718806775,0.225,0.0,0.2,0.34146341463414637,9.070005574107002,41
0.5348837209302325,0.6538461538461539,1.8521289289101839,4.521828528850024,0.09523809523809523,0.0,0.19047619047619047,0.046511627906976744,12.41813527279562,43
0.5365853658536586,1.411764705882353,1.9695065065550448,4.875145808605838,0.35,0.0,0.3,0.14634146341463414,11.170305229494252,41
0.5365853658536586,0.8636363636363636,1.987765579861235,4.7019435649606205,0.15,0.24390243902439027,0.2,0.3902439024390244,11.067697899184827,41
0.5757575757575758,1.3571428571428572,1.966711609984599,4.502583407161069,0.25,0.0,0.1875,0.42424242424242425,9.660791263319751,33
0.5681818181818182,1.4444444444444444,1.7059935445100876,4.1741921975709,0.3953488372093023,0.45454545454545453,0.4186046511627907,0.22727272727272727,14.654208643544804,44
0.28,1.2727272727272727,1.6649013668084058,4.238521032323434,0.2857142857142857,0.6,0.42857142857142855,0.28,8.40890149422864,50
0.47368421052631576,0.8536585365853658,1.9537640082731038,5.15487093296263,0.21333333333333335,0.13157894736842105,0.26666666666666666,0.18421052631578946,18.425962102688963,76
0.39473684210526316,0.9487179487179487,1.9054780396728455,5.028021987720566,0.24,0.0,0.28,0.2894736842105263,15.744072422413392,76
0.40789473684210525,0.8536585365853658,1.9240903868280381,5.227977818560158,0.16,0.0,0.21333333333333335,0.23684210526315788,16.11150084253798,76
0.42105263157894735,0.8095238095238095,1.9062459518190704,4.99933343290416,0.17333333333333334,0.0,0.30666666666666664,0.13157894736842105,16.786912088941797,76
0.4696969696969697,1.0,1.9966838578229207,5.425704882778696,0.27692307692307694,0.0,0.24615384615384617,0.30303030303030304,15.525735009480043,66
0.36666666666666664,1.1428571428571428,1.9344518194827178,4.307354922057605,0.41379310344827586,0.0,0.3793103448275862,0.2,5.686362515133067,30
0.4578313253012048,0.8863636363636364,1.9844458488071008,5.356532219035924,0.21951219512195122,0.0,0.2682926829268293,0.24096385542168675,19.148912969295562,83
0.3488372093023256,0.7916666666666666,1.8736409622608832,5.186552988074662,0.16470588235294117,0.0,0.23529411764705882,0.18604651162790697,16.011596988252574,86
0.5068493150684932,1.8076923076923077,1.8975950535748443,5.257013626754623,0.4305555555555556,0.273972602739726,0.3055555555555556,0.1917808219178082,19.498354209947067,73
0.5,2.2,1.8225036249171618,4.673139880431714,0.5106382978723404,0.4166666666666667,0.3829787234042553,0.20833333333333334,13.168690861945478,48
0.576271186440678,0.475,1.8750435639321745,4.672557286315309,0.06896551724137931,0.0,0.15517241379310345,0.13559322033898305,18.132902360836834,59
0.5789473684210527,0.5833333333333334,1.9281755807581948,4.9825075883388,0.09333333333333334,0.0,0.14666666666666667,0.21052631578947367,22.81948678305095,76
0.5263157894736842,0.9,1.987515494413798,5.320609615482771,0.17333333333333334,0.0,0.17333333333333334,0.23684210526315788,20.125619139476715,76
0.6052631578947368,0.7272727272727273,1.948872321285281,5.168648635782276,0.12,0.0,0.2,0.3157894736842105,23.603381244740437,76
0.5176470588235295,1.5,1.9483684119828406,5.147949414094343,0.34523809523809523,0.23529411764705882,0.15476190476190477,0.2823529411764706,22.582986434395696,85
0.5757575757575758,0.8857142857142857,1.9067600917647214,5.029078664259099,0.18461538461538463,0.4545454545454546,0.26153846153846155,0.24242424242424243,19.929082969083833,66
0.5632183908045977,1.8064516129032258,1.9178332527836726,5.267984465447657,0.37209302325581395,0.1149425287356322,0.2441860465116279,0.09195402298850575,25.549653171997598,87
0.5232558139534884,1.3888888888888888,1.973812144419338,5.357866791950414,0.29411764705882354,0.23255813953488372,0.21176470588235294,0.18604651162790697,22.798510652961646,86
0.5154639175257731,0.7962962962962963,1.9899795228298511,5.512975313658231,0.16666666666666666,0.10309278350515465,0.1875,0.3711340206185567,25.125874060765938,97
0.5121951219512195,1.1578947368421053,1.9952080638406453,4.753225616242672,0.25,0.24390243902439027,0.25,0.0975609756097561,10.525212811321332,41
0.7058823529411765,0.8888888888888888,1.7779849042597489,3.5068905956085183,0.1875,0.5882352941176471,0.375,0.47058823529411764,6.749209862266096,17
0.6,3.1666666666666665,1.359330832236536,3.6539967386657093,0.5833333333333334,0.4,0.5,0.08,11.034833176326195,25
0.40625,1.1333333333333333,1.9192789744377785,5.240250140927351,0.30158730158730157,0.3125,0.30158730158730157,0.21875,13.546746877102322,64
0.5263157894736842,1.2352941176470589,1.9590727308354,4.781036112553423,0.3783783783783784,0.5263157894736842,0.32432432432432434,0.10526315789473684,10.208906221958008,38
0.32142857142857145,1.3333333333333333,1.7340067861643802,4.132944044980959,0.25925925925925924,0.35714285714285715,0.2962962962962963,0.07142857142857142,5.1902881127817615,28
0.525,3.0,1.7943691038519398,4.6093837632727865,0.5641025641025641,0.25,0.23076923076923078,0.05,11.70327122309924,40
0.375,1.6666666666666667,1.9077174691301482,4.78451592201104,0.4358974358974359,0.25,0.28205128205128205,0.15,7.862795398127831,40
0.675,1.0,1.8911143594569007,4.85964100022876,0.23076923076923078,0.25,0.28205128205128205,0.25,14.277288725397476,40
0.5777777777777777,1.1428571428571428,1.9748490857368153,4.768947021993019,0.3181818181818182,0.2222222222222222,0.2727272727272727,0.3111111111111111,13.165556306163571,45
0.6,0.8,1.955988262906249,4.850569696512251,0.18181818181818182,0.0,0.18181818181818182,0.26666666666666666,13.803756754719014,45
0.4888888888888889,0.9565217391304348,1.9904346909466677,4.990104580233179,0.22727272727272727,0.2222222222222222,0.1590909090909091,0.2222222222222222,11.052856467589073,45
0.5555555555555556,0.7307692307692307,1.9723805024969947,4.739990917392169,0.1590909090909091,0.0,0.22727272727272727,0.17777777777777778,12.675032679200505,45
0.38461538461538464,0.6956521739130435,1.9376752989907655,4.810672622327238,0.13157894736842105,0.0,0.15789473684210525,0.2564102564102564,7.741231085817955,39
0.3838383838383838,0.9411764705882353,1.9440653688193799,5.523586780394263,0.25510204081632654,0.20202020202020202,0.2857142857142857,0.24242424242424243,19.5466577733543,99
0.6216216216216216,1.3125,1.9355273431804707,4.3432894453927675,0.3888888888888889,0.5405405405405405,0.4166666666666667,0.2702702702702703,11.883060292574314,37
0.7,3.4444444444444446,1.6306389582936598,4.253863368422077,0.5641025641025641,1.0,0.41025641025641024,0.2,17.171172494325397,40
0.775,1.8571428571428572,1.7030037896561643,4.366091329119193,0.4358974358974359,0.5,0.3333333333333333,0.15,18.20311967898745,40
0.7125,1.962962962962963,1.6624743664171497,4.221918765009031,0.43037974683544306,0.5,0.3037974683544304,0.2,34.28622231127695,80
0.5333333333333333,0.5,1.8889222000604102,4.757546440698297,0.09090909090909091,0.0,0.25,0.044444444444444446,12.70565155811123,45
0.5555555555555556,1.5,1.937954647462941,4.675923766179065,0.3409090909090909,0.0,0.20454545454545456,0.2222222222222222,12.900192031086238,45
0.5333333333333333,0.8,1.9775238440376315,4.71103481279132,0.18181818181818182,0.0,0.25,0.13333333333333333,12.13638355662716,45
0.5375,0.9512195121951219,1.97867087842631,5.426177218751302,0.25316455696202533,0.25,0.26582278481012656,0.325,21.731748689024194,80
0.65,1.5806451612903225,1.8615984033637971,5.049458270222403,0.3924050632911392,0.625,0.31645569620253167,0.275,27.9329698462726,80
0.6,1.3529411764705883,1.9324633304044567,5.322332789647332,0.34177215189873417,0.375,0.2911392405063291,0.3,24.83875083477158,80
0.5625,0.8604651162790697,1.9820363269972765,5.232338558767152,0.22784810126582278,0.125,0.2911392405063291,0.4,22.703911468798406,80
0.5375,1.105263157894737,1.9727160092463858,5.334902661331256,0.27848101265822783,0.125,0.25316455696202533,0.275,21.79734842780455,80
0.575,1.105263157894737,1.8934391280068312,5.141064001347104,0.2911392405063291,0.375,0.2911392405063291,0.275,24.2944043065269,80
0.55,0.9512195121951219,1.912476965299971,5.238623494609115,0.26582278481012656,0.375,0.31645569620253167,0.25,23.006801018540692,80
0.5625,0.7777777777777778,1.96739518807253,5.5447043020569,0.21518987341772153,0.25,0.27848101265822783,0.3,22.872871398661587,80
0.5625,1.0,1.9661319672091508,5.365217122569721,0.27848101265822783,0.5,0.3037974683544304,0.35,22.887566990891642,80
0.4666666666666667,1.0454545454545454,1.9872233371634713,5.007660103539308,0.2727272727272727,0.0,0.29545454545454547,0.08888888888888889,10.56750343042549,45
0.4222222222222222,1.25,1.9723805024969947,5.036616208140156,0.29545454545454547,0.0,0.18181818181818182,0.2222222222222222,9.633024836192384,45
0.4,1.1428571428571428,1.952452457354477,4.6004560336712395,0.3409090909090909,0.2222222222222222,0.22727272727272727,0.3111111111111111,9.219169825635447,45
0.475,1.2222222222222223,1.9733265144638374,4.46438968421155,0.2564102564102564,0.0,0.1282051282051282,0.35,9.628406770156646,40
0.4,0.9047619047619048,1.8179805257795407,4.253863368422077,0.20512820512820512,0.25,0.3076923076923077,0.25,8.800969522030366,40
0.4,0.6666666666666666,1.9390907595250466,4.754377842334022,0.1282051282051282,0.0,0.15384615384615385,0.1,8.251285645151201,40
0.475,0.7391304347826086,1.8649112214500145,4.649114684439285,0.1794871794871795,0.0,0.20512820512820512,0.1,10.188147078164912,40
0.675,1.2222222222222223,1.7548083147257318,4.273728829005326,0.3333333333333333,0.75,0.38461538461538464,0.2,15.386287144378402,40
0.575,0.8181818181818182,1.715557010174087,4.366091329119192,0.20512820512820512,0.25,0.3333333333333333,0.15,13.406716568952435,40
0.5714285714285714,0.8260869565217391,1.85813521192364,4.465311532225103,0.1951219512195122,0.23809523809523808,0.3170731707317073,0.42857142857142855,12.916168279802234,42
0.575,1.0,1.8911143594569009,4.431623565847431,0.1282051282051282,0.0,0.20512820512820512,0.3,12.162134840153403,40
0.45,1.0,1.992774453987808,4.554124145638316,0.23076923076923078,0.0,0.3076923076923077,0.4,9.032628319452456,40
0.6052631578947368,0.52,1.8876489747143492,4.537844793048882,0.08108108108108109,0.0,0.1891891891891892,0.3157894736842105,12.184462325162006,38
0.6075949367088608,1.0256410256410255,1.9520719532585782,5.153921807296058,0.2564102564102564,0.37974683544303794,0.24358974358974358,0.12658227848101267,24.589244945929927,79
0.65,2.3333333333333335,1.6814963295286753,3.838361123724185,0.46153846153846156,1.0,0.41025641025641024,0.0,15.462409332096778,40
0.725,1.6666666666666667,1.7956951153107248,4.5239860659612985,0.3333333333333333,1.0,0.3076923076923077,0.4,16.149725865493608,40
0.4875,0.7391304347826086,1.97867087842631,5.426177218751302,0.1518987341772152,0.0,0.25316455696202533,0.2,19.710190671440547,80
0.48,0.9230769230769231,1.8538469904649177,4.702368167875319,0.1836734693877551,0.0,0.16326530612244897,0.24,12.94604526554583,50
0.48333333333333334,1.0,1.9983958159908184,5.068766555285893,0.1864406779661017,0.0,0.13559322033898305,0.26666666666666666,14.511632408512225,60
0.6333333333333333,1.2222222222222223,1.9281536886141402,5.068766555285893,0.288135593220339,0.16666666666666666,0.22033898305084745,0.26666666666666666,19.707962345755814,60
0.36666666666666664,0.5789473684210527,1.8823937016443557,5.012816339805952,0.13559322033898305,0.0,0.3050847457627119,0.23333333333333334,11.687240715659696,60
0.55,0.7647058823529411,1.955643206605215,5.073329701949519,0.1864406779661017,0.16666666666666666,0.3728813559322034,0.23333333333333334,16.87423504160013,60
0.5666666666666667,0.7142857142857143,1.9396841518006325,5.08178185704733,0.15254237288135594,0.0,0.2033898305084746,0.26666666666666666,17.52861796587833,60
0.4305555555555556,1.88,1.9137885164766302,5.162872438491473,0.38028169014084506,0.2777777777777778,0.2535211267605634,0.2777777777777778,16.198228558108287,72
0.6842105263157895,0.9,1.7627022003449737,3.6168746059562222,0.16666666666666666,0.5263157894736842,0.3333333333333333,0.42105263157894735,7.37503624969638,19
0.4861111111111111,1.3225806451612903,1.9854724082446873,5.31471801682134,0.352112676056338,0.1388888888888889,0.2676056338028169,0.3055555555555556,17.62803765321779,72
0.4861111111111111,1.6666666666666667,1.9341499565519402,5.070154938553287,0.36619718309859156,0.1388888888888889,0.23943661971830985,0.3055555555555556,18.09579540905917,72
0.4583333333333333,0.6363636363636364,1.9558560387005186,5.332505338219005,0.1267605633802817,0.0,0.19718309859154928,0.2777777777777778,16.872398824162204,72
0.5277777777777778,1.7692307692307692,1.9401124556868892,5.11329136724834,0.4225352112676056,0.2777777777777778,0.23943661971830985,0.2777777777777778,19.586483403129773,72
0.4722222222222222,1.4,1.9775774123232257,5.18964819536186,0.28169014084507044,0.1388888888888889,0.19718309859154928,0.3333333333333333,17.192744311997913,72
0.4647887323943662,1.5357142857142858,1.9616392238659668,5.300199275461975,0.34285714285714286,0.14084507042253522,0.18571428571428572,0.3380281690140845,16.822656671958004,71
0.4722222222222222,1.5714285714285714,1.9604305607108137,5.275362481076147,0.352112676056338,0.1388888888888889,0.18309859154929578,0.2777777777777778,17.343120097328097,72
0.5555555555555556,0.6363636363636364,1.9408566376245857,5.1610767667904325,0.14084507042253522,0.0,0.29577464788732394,0.3888888888888889,20.60944565153989,72
0.4861111111111111,1.7692307692307692,1.938569591162001,5.139508552442905,0.36619718309859156,0.1388888888888889,0.2112676056338028,0.3611111111111111,18.054539855069507,72
0.5555555555555556,1.5714285714285714,1.9408566376245857,5.1610767667904325,0.36619718309859156,0.2777777777777778,0.29577464788732394,0.3888888888888889,20.60944565153989,72
0.475,0.8181818181818182,1.9467230656818635,4.5567521843254175,0.20512820512820512,0.0,0.1282051282051282,0.25,9.759986191646027,40
0.45,0.6666666666666666,1.7822287189138015,4.228062052860337,0.1282051282051282,0.0,0.3076923076923077,0.2,10.099708140300953,40
0.5,0.3793103448275862,1.7308850237885447,4.662015342220156,0.05128205128205128,0.0,0.3076923076923077,0.15,11.554775834531391,40
0.45,1.105263157894737,1.8964699519104258,4.879506460812009,0.2564102564102564,0.25,0.28205128205128205,0.2,9.49131331638249,40
0.4,0.5,1.8294732983598407,4.208966082694624,0.1724137931034483,0.0,0.27586206896551724,0.26666666666666666,6.5592613193627445,30
0.5,1.0,1.9980008838722993,5.2599308993250276,0.18666666666666668,0.0,0.14666666666666667,0.3157894736842105,19.019001086401747,76
0.4647887323943662,0.8205128205128205,1.9788717360582757,5.260273369633519,0.14285714285714285,0.0,0.2,0.2535211267605634,16.676160825649067,71
0.5135135135135135,1.0555555555555556,1.985857993902358,5.301462154039802,0.2054794520547945,0.13513513513513511,0.1643835616438356,0.1891891891891892,19.135296169909438,74
0.475,4.0,1.5015196176058043,4.007942895581382,0.5897435897435898,0.25,0.23076923076923078,0.05,12.653838899858576,40
0.425,1.8571428571428572,1.7800116761925644,4.398857447483311,0.38461538461538464,0.0,0.15384615384615385,0.15,9.5504937843268,40
0.379746835443038,0.8809523809523809,1.9466452444265794,5.216217021349694,0.19230769230769232,0.12658227848101264,0.1794871794871795,0.22784810126582278,15.41112058027629,79
0.6666666666666666,0.8260869565217391,1.9109162257718815,4.63418371977919,0.17073170731707318,0.23809523809523808,0.21951219512195122,0.2857142857142857,14.652649325870142,42
0.5952380952380952,0.9090909090909091,1.9719700095056916,4.703055907333277,0.14634146341463414,0.0,0.17073170731707318,0.14285714285714285,12.677671162248313,42
0.68,1.7777777777777777,1.6211509331628502,4.27259336614426,0.3469387755102041,0.6,0.2653061224489796,0.2,20.972741236946472,50
0.5,1.7777777777777777,1.860386815441282,4.769974678246914,0.40816326530612246,0.6,0.30612244897959184,0.2,13.438058340577784,50
0.64,2.125,1.6899194839294456,4.402235418780179,0.4489795918367347,0.6,0.3673469387755102,0.28,18.935802189694037,50
0.48,1.7777777777777777,1.927946999878784,4.912782031835939,0.40816326530612246,0.0,0.1836734693877551,0.28,12.44846852794212,50
0.4,1.0,1.9020262892234707,4.82687488186464,0.2564102564102564,0.0,0.3076923076923077,0.25,8.41207699313937,40
0.43023255813953487,1.263157894736842,1.9759377309022357,5.10356928720101,0.29411764705882354,0.11627906976744186,0.21176470588235294,0.27906976744186046,18.72527696398025,86
0.6086956521739131,1.0,1.96563613337061,5.51253125758059,0.23076923076923078,0.2173913043478261,0.26373626373626374,0.5,28.48949027737029,92
0.6111111111111112,1.5,1.9210370837233548,5.189561096343498,0.3595505617977528,0.5555555555555556,0.29213483146067415,0.13333333333333333,28.630353799857545,90
0.6666666666666666,1.3076923076923077,1.903805549149137,5.261703318452552,0.3146067415730337,0.4444444444444444,0.2808988764044944,0.2222222222222222,31.515807121692923,90
0.6125,0.5384615384615384,1.8615984033637971,4.932507508152886,0.13924050632911392,0.0,0.22784810126582278,0.2,26.321452355141485,80
0.6395348837209303,1.0975609756097562,1.9238660180613176,5.208983013061407,0.2823529411764706,0.46511627906976744,0.27058823529411763,0.23255813953488372,28.588254533010055,86
0.65,1.3529411764705883,1.9177560513007377,4.807009421281391,0.3333333333333333,0.25,0.23076923076923078,0.3,13.557504576695596,40
0.55,1.2222222222222223,1.9795858105179467,4.984769618706744,0.2564102564102564,0.0,0.1282051282051282,0.1,11.113430279040825,40
0.675,1.3529411764705883,1.8911143594569007,4.701746263386653,0.3076923076923077,0.25,0.28205128205128205,0.45,14.277288725397476,40
0.55,0.7391304347826086,1.9733265144638374,4.85964100022876,0.23076923076923078,0.5,0.28205128205128205,0.25,11.148681523339276,40
0.525,1.105263157894737,1.996387226993904,4.82687488186464,0.2564102564102564,0.0,0.2564102564102564,0.3,10.518996113106274,40
0.625,0.6,1.849435498504727,4.543851526544547,0.15384615384615385,0.0,0.23076923076923078,0.4,13.517630921749706,40
0.55,2.076923076923077,1.8915529132938513,4.6292492238560365,0.48717948717948717,0.5,0.2564102564102564,0.2,11.630649195554977,40
0.6,1.0,1.9634212546816499,4.649114684439284,0.15384615384615385,0.0,0.15384615384615385,0.15,12.223555041598207,40
0.65,0.8181818181818182,1.9131681409102121,4.523986065961298,0.20512820512820512,0.25,0.3333333333333333,0.15,13.59001639950674,40
0.625,1.8571428571428572,1.8750184026870707,4.879506460812009,0.4358974358974359,0.5,0.3333333333333333,0.1,13.33319536009748,40
0.6046511627906976,1.3888888888888888,1.9405428540788994,4.832923345975961,0.3333333333333333,0.23255813953488372,0.21428571428571427,0.23255813953488372,13.398305812749173,43
0.5116279069767442,0.5925925925925926,1.830740916385905,4.533785236061563,0.11904761904761904,0.0,0.30952380952380953,0.23255813953488372,12.016986011567665,43
0.24,0.7857142857142857,1.7657280127291424,4.494034834541984,0.1836734693877551,0.0,0.3673469387755102,0.44,6.796059822029307,50
0.48,1.0,1.9802690578383622,5.05350885479768,0.2653061224489796,0.0,0.24489795918367346,0.12,12.119559100034113,50
0.34,1.0,1.9132007025073996,4.8035088547976805,0.20408163265306123,0.0,0.22448979591836735,0.48,8.885628722638172,50
0.36,1.0833333333333333,1.9060373108197468,4.839661719245795,0.24489795918367346,0.0,0.20408163265306123,0.16,9.44367167114211,50
0.44,0.8518518518518519,1.968267248498854,4.91829583405449,0.16326530612244897,0.0,0.2653061224489796,0.32,11.177338260056178,50
0.32,1.2727272727272727,1.8890255736436505,4.813721875540869,0.2653061224489796,0.0,0.2653061224489796,0.28,8.469970842780887,50
0.32,1.380952380952381,1.8694154236665506,4.4803885422075345,0.2653061224489796,0.0,0.24489795918367346,0.4,8.558820708667282,50
0.32,1.0833333333333333,1.9026831892554923,4.803508854797678,0.30612244897959184,0.0,0.3673469387755102,0.24,8.409172731004137,50
0.5833333333333334,1.5,1.9369324113304536,5.0342837966652025,0.3220338983050847,0.16666666666666666,0.1864406779661017,0.26666666666666666,18.069800332453852,60
0.4915254237288136,1.36,1.945848882929053,4.999385189527427,0.25862068965517243,0.1694915254237288,0.13793103448275862,0.23728813559322035,14.90351350040776,59
0.46551724137931033,1.0714285714285714,1.9823383174624432,5.182005814760213,0.21052631578947367,0.0,0.19298245614035087,0.3793103448275862,13.620271646814842,58
0.5517241379310345,0.9333333333333333,1.9907109967301246,4.860577243331643,0.24561403508771928,0.0,0.19298245614035087,0.27586206896551724,16.074650704151132,58
0.5833333333333334,1.3076923076923077,1.9165446416786356,5.163762676050151,0.3050847457627119,0.16666666666666666,0.23728813559322035,0.4,18.26202269273625,60
0.55,1.0,1.9927744539878083,4.668980145022534,0.28205128205128205,0.0,0.1794871794871795,0.25,11.039879057108557,40
0.525,0.5384615384615384,1.8750184026870707,4.221097250057958,0.02564102564102564,0.0,0.1794871794871795,0.35,11.199884102481883,40
0.425531914893617,1.1363636363636365,1.919131581078836,4.569413651789075,0.21739130434782608,0.0,0.1956521739130435,0.3404255319148936,10.421374842564054,47
0.4745762711864407,2.933333333333333,1.7371944898599159,4.440186891616422,0.5172413793103449,0.3389830508474576,0.2413793103448276,0.2033898305084746,16.117932704429176,59
0.47540983606557374,0.8484848484848485,1.9587451631519053,5.1746017356191745,0.2,0.1639344262295082,0.25,0.26229508196721313,14.805389562747026,61
0.5084745762711864,0.84375,1.8375363314899333,4.916419295611627,0.20689655172413793,0.0,0.3620689655172414,0.1016949152542373,16.326198921724792,59
0.5084745762711864,1.6818181818181819,1.9356310624606723,5.174823786018655,0.3620689655172414,0.1694915254237288,0.1724137931034483,0.2711864406779661,15.498813323986017,59
0.5483870967741935,0.8787878787878788,1.9434275728878356,5.089898095464287,0.14754098360655737,0.0,0.21311475409836064,0.12903225806451613,17.494854441435805,62
0.5,1.0,1.9480782435939052,4.887900607084633,0.2542372881355932,0.0,0.22033898305084745,0.13333333333333333,15.399784222665724,60
0.5072463768115942,1.0294117647058822,1.992225841633473,5.114231914176916,0.23529411764705882,0.0,0.29411764705882354,0.2028985507246377,17.568280513328837,69
0.55,0.7142857142857143,1.947391784613994,4.765152064347325,0.13559322033898305,0.0,0.3050847457627119,0.13333333333333333,16.94573393756368,60
0.5428571428571428,1.0,1.9345046939524173,4.910417252760521,0.2318840579710145,0.0,0.14492753623188406,0.17142857142857143,19.64326086958247,70
0.5285714285714286,0.75,1.9745435569539163,5.284092392969596,0.18840579710144928,0.0,0.18840579710144928,0.2571428571428571,18.73849838925845,70
0.5416666666666666,0.9459459459459459,1.938569591162001,4.918270160756868,0.2112676056338028,0.0,0.15492957746478872,0.2222222222222222,20.117915838506022,72
0.4714285714285714,1.0588235294117647,1.987844804967204,5.149603466091261,0.2753623188405797,0.0,0.18840579710144928,0.14285714285714285,16.60088519820804,70
0.5,0.7948717948717948,1.9755868701867931,5.0757865541992935,0.2028985507246377,0.0,0.15942028985507245,0.2,17.716245644234863,70
0.5352112676056338,0.9722222222222222,1.9441093052353575,4.958030572933906,0.21428571428571427,0.0,0.14285714285714285,0.16901408450704225,19.546216023683723,71
0.5362318840579711,0.7692307692307693,1.9730912118779118,5.28057888474,0.19117647058823528,0.0,0.17647058823529413,0.2608695652173913,18.752291341105064,69
0.5217391304347826,0.8157894736842105,1.9795776043132016,5.144082660445573,0.20588235294117646,0.0,0.14705882352941177,0.2318840579710145,18.18568857107339,69
0.5217391304347826,0.8157894736842105,1.9795776043132016,5.162666429069999,0.20588235294117646,0.0,0.16176470588235295,0.2318840579710145,18.18568857107339,69
0.4857142857142857,1.1875,1.9884425761095814,5.208426995503026,0.3188405797101449,0.14285714285714285,0.2028985507246377,0.22857142857142856,17.0988004932589,70
0.5147058823529411,0.8378378378378378,1.984102501714807,5.1084177934369785,0.208955223880597,0.0,0.14925373134328357,0.23529411764705882,17.64020877426528,68
0.5217391304347826,0.7692307692307693,1.9531525874151106,5.170952347904979,0.20588235294117646,0.0,0.23529411764705882,0.11594202898550725,18.431730219252234,69
0.5466666666666666,0.9230769230769231,1.9466963728960898,5.001182094042116,0.21621621621621623,0.0,0.16216216216216217,0.21333333333333335,21.061311619794584,75
0.5492957746478874,0.918918918918919,1.9750493177570854,4.95564221008781,0.22857142857142856,0.0,0.14285714285714285,0.19718309859154928,19.74633235890888,71
0.5625,1.3529411764705883,1.9013362058499292,5.08349701422309,0.34177215189873417,0.5,0.24050632911392406,0.175,23.667553478439537,80
0.5853658536585366,1.05,1.9577223641069388,4.631305423879506,0.25,0.7317073170731708,0.3,0.14634146341463414,12.259137547223462,41
0.6923076923076923,1.6,1.8503439065809808,4.388790447342457,0.2894736842105263,0.5128205128205129,0.2631578947368421,0.15384615384615385,14.59187414409668,39
0.675,1.8571428571428572,1.6657665674514082,4.221097250057958,0.4358974358974359,0.75,0.358974358974359,0.25,16.208743961385604,40
0.4659090909090909,0.8333333333333334,1.9904746082342175,5.434587864991118,0.22988505747126436,0.22727272727272727,0.3103448275862069,0.2727272727272727,20.598092149630386,88
0.45454545454545453,0.9130434782608695,1.9797651941902252,5.3880762370841415,0.2413793103448276,0.11363636363636363,0.25287356321839083,0.25,20.204406013893482,88
0.6410256410256411,1.1666666666666667,1.7592799166176691,4.303783770917413,0.21052631578947367,0.25641025641025644,0.18421052631578946,0.2564102564102564,14.21035137928064,39
0.6153846153846154,0.7727272727272727,1.929811925513064,4.885129041304629,0.21052631578947367,0.0,0.18421052631578946,0.41025641025641024,12.436438621955707,39
0.6,0.8604651162790697,1.964170239427767,5.1920148789245015,0.189873417721519,0.125,0.189873417721519,0.275,24.43778782443842,80
0.6125,0.8181818181818182,1.948607125815389,5.162980744225907,0.27848101265822783,0.25,0.2911392405063291,0.25,25.14615399106791,80
0.55,0.8181818181818182,1.982895398885525,5.355539077670189,0.25316455696202533,0.25,0.26582278481012656,0.275,22.189762422650997,80
0.5641025641025641,1.7857142857142858,1.8590987883834433,4.41189187902552,0.39473684210526316,0.25641025641025644,0.2894736842105263,0.3076923076923077,11.833684311873233,39
0.4716981132075472,0.9629629629629629,1.997143017542426,4.976155243847439,0.23076923076923078,0.18867924528301888,0.23076923076923078,0.11320754716981132,12.517875416297521,53
0.7,1.2222222222222223,1.8709505944546687,4.63567318496238,0.23728813559322035,0.16666666666666666,0.1694915254237288,0.4,22.448469604710354,60
0.6153846153846154,1.0,1.8875386446885056,4.053508854797678,0.24,0.7692307692307692,0.4,0.15384615384615385,8.476643150263701,26
0.5641025641025641,0.7727272727272727,1.9605043106735882,4.59445640611102,0.13157894736842105,0.0,0.18421052631578946,0.10256410256410256,11.221596738465996,39
0.5897435897435898,0.95,1.9647405072701494,4.93918309535868,0.18421052631578946,0.25641025641025644,0.2631578947368421,0.2564102564102564,11.706374561179121,39
0.38461538461538464,1.0526315789473684,1.9469774968583455,4.756618568273184,0.23684210526315788,0.0,0.2894736842105263,0.2564102564102564,7.704245334092841,39
0.6829268292682927,1.7333333333333334,1.7599961312718884,4.458103180234289,0.45,0.7317073170731708,0.425,0.3902439024390244,15.909116840301543,41
0.5,0.48148148148148145,1.8911143594569007,4.681880802803404,0.1282051282051282,0.0,0.3076923076923077,0.45,10.575769426220353,40
0.525,0.6666666666666666,1.9172871414591832,4.701746263386653,0.1794871794871795,0.0,0.3076923076923077,0.35,10.952970263518978,40
0.525,1.2222222222222223,1.9467230656818635,4.984769618706744,0.3333333333333333,0.5,0.2564102564102564,0.25,10.787353159187713,40
0.575,0.8181818181818182,1.9230734006923997,4.807009421281391,0.23076923076923078,0.25,0.38461538461538464,0.1,11.960015687234405,40
0.696969696969697,1.0625,1.8675828378725516,4.284683810317087,0.1875,0.0,0.21875,0.24242424242424243,12.315377512690585,33
0.5576923076923077,3.0,1.7129192621925178,4.376174630069642,0.5490196078431373,0.3846153846153846,0.27450980392156865,0.11538461538461539,16.93015176484651,52
0.5,2.466666666666667,1.854967983212039,4.543465189601649,0.5490196078431373,0.1923076923076923,0.39215686274509803,0.2692307692307692,14.016406870037663,52
0.5961538461538461,1.2608695652173914,1.9397125585769102,4.988758439731456,0.37254901960784315,0.5769230769230769,0.39215686274509803,0.34615384615384615,15.981741150865314,52
0.631578947368421,1.4782608695652173,1.841022821947615,4.850100059908775,0.35714285714285715,0.8771929824561403,0.26785714285714285,0.21052631578947367,19.55433686996819,57
0.6428571428571429,0.5555555555555556,1.8656901833545778,4.743235826550677,0.12727272727272726,0.0,0.34545454545454546,0.21428571428571427,19.295797890447627,56
0.525,0.7391304347826086,1.9818625242212384,5.3971430840527095,0.22784810126582278,0.125,0.27848101265822783,0.4,21.192175690555512,80
0.5,0.8181818181818182,1.990952070832998,5.381180103311215,0.20253164556962025,0.0,0.17721518987341772,0.325,20.09088038587687,80
0.5375,0.7391304347826086,1.979506586778816,5.371502058411684,0.22784810126582278,0.125,0.26582278481012656,0.425,21.722573981124473,80
0.5375,0.7391304347826086,1.979506586778816,5.400536193110279,0.22784810126582278,0.125,0.2911392405063291,0.4,21.722573981124473,80
0.6808510638297872,2.1333333333333333,1.7739381182369782,4.301552589455515,0.5,0.6382978723404255,0.45652173913043476,0.425531914893617,18.038950531629894,47
0.6086956521739131,1.3,1.8503470232150987,4.669547811769943,0.3333333333333333,0.6521739130434783,0.26666666666666666,0.5652173913043478,15.132288439094934,46
0.7166666666666667,2.1578947368421053,1.7589579787180691,4.697908365556117,0.4745762711864407,1.0,0.3559322033898305,0.5333333333333333,24.446277895200513,60
0.6,0.30434782608695654,1.6874548350088157,4.039148671903071,0.0,0.0,0.1724137931034483,0.13333333333333333,10.666945840337187,30
0.6,0.07142857142857142,1.272905595320056,3.120952031026403,0.0,0.0,0.41379310344827586,0.06666666666666667,14.140864747011646,30
0.6333333333333333,1.5,1.136477334576122,2.8666871924991266,0.3793103448275862,1.0,0.4827586206896552,0.0,16.718312546702904,30
0.4782608695652174,1.0,1.9931642365271875,5.050340709546386,0.24444444444444444,0.2173913043478261,0.26666666666666666,0.5217391304347826,11.037720103091871,46
0.5,1.3529411764705883,1.8279980751314266,4.306494947369446,0.3076923076923077,0.5,0.28205128205128205,0.15,10.940924572711872,40
0.5121951219512195,1.2777777777777777,1.8607997786504191,4.368108949354111,0.3,0.48780487804878053,0.3,0.24390243902439024,11.28546389325495,41
0.55,1.6666666666666667,1.9077174691301482,4.504120605378049,0.4358974358974359,0.5,0.3333333333333333,0.35,11.532099917254152,40
0.6,2.75,1.6729055953200562,3.9232517969803373,0.4827586206896552,1.0,0.3448275862068966,0.3333333333333333,10.759716083584623,30
0.525,2.076923076923077,1.902323884849567,4.491219947597179,0.5128205128205128,0.25,0.3333333333333333,0.4,11.03912384642997,40
0.6,1.3529411764705883,1.9174078582027612,4.629249223856036,0.4358974358974359,0.5,0.41025641025641024,0.3,12.516892209675012,40
0.625,1.105263157894737,1.9467230656818635,4.701746263386653,0.3076923076923077,0.25,0.3333333333333333,0.25,12.842087094271088,40
0.7777777777777778,5.0,1.404678473063571,2.9056390622295662,0.7058823529411765,1.1111111111111112,0.5882352941176471,0.1111111111111111,9.966686541995482,18
0.575,1.0512820512820513,1.9282360601544903,5.166168565706509,0.24050632911392406,0.375,0.27848101265822783,0.225,23.85598791276965,80
0.5,0.8974358974358975,1.9973627848128315,5.46499600835671,0.2054794520547945,0.0,0.1643835616438356,0.2702702702702703,18.524417174945018,74
0.5303030303030303,1.0,1.5265580032604418,4.3129036179525455,0.2153846153846154,0.0,0.3076923076923077,0.06060606060606061,22.927381074197992,66
0.4,0.8292682926829268,1.9522376039201246,5.353940312186131,0.24324324324324326,0.26666666666666666,0.33783783783783783,0.48,15.366974067493363,75
0.6515151515151515,1.64,1.8847836036546881,4.926108500731241,0.36923076923076925,0.4545454545454546,0.24615384615384617,0.30303030303030304,22.814278043560485,66
0.6515151515151515,1.2,1.9197221105100613,5.214614648336088,0.2923076923076923,0.4545454545454546,0.26153846153846155,0.2727272727272727,22.399063575671132,66
0.6060606060606061,1.2,1.9480059536801493,5.116729296672174,0.2923076923076923,0.15151515151515152,0.18461538461538463,0.3333333333333333,20.533807604963897,66
0.45,1.2222222222222223,1.9854752972273344,5.336182987871125,0.3291139240506329,0.25,0.21518987341772153,0.175,18.131669489216797,80
0.5,1.162162162162162,1.9845732367487394,5.365217122569721,0.3037974683544304,0.25,0.22784810126582278,0.275,20.155456651261705,80
0.525,1.2222222222222223,1.9909520708329977,5.3971430840527095,0.3291139240506329,0.25,0.22784810126582278,0.175,21.095424405170714,80
0.4065934065934066,1.3333333333333333,1.947770608963276,5.322157133209112,0.3333333333333333,0.32967032967032966,0.3333333333333333,0.26373626373626374,18.996067007924857,91
0.35106382978723405,1.0434782608695652,1.8592984306577707,5.152767021943375,0.22580645161290322,0.10638297872340426,0.26881720430107525,0.2978723404255319,17.74862050504984,94
0.391304347826087,1.4210526315789473,1.9078816380595363,5.25131153531029,0.2967032967032967,0.0,0.1978021978021978,0.32608695652173914,18.869085174240475,92
0.43617021276595747,1.6111111111111112,1.9014743644335013,5.224398440049712,0.3655913978494624,0.3191489361702127,0.23655913978494625,0.23404255319148937,21.562204153097174,94
0.425531914893617,1.6111111111111112,1.9030636462902917,5.2055360759898255,0.3548387096774194,0.2127659574468085,0.22580645161290322,0.2765957446808511,21.01872896329263,94
0.3977272727272727,1.3783783783783783,1.8975782067437716,5.159196302251772,0.2988505747126437,0.11363636363636363,0.22988505747126436,0.2727272727272727,18.44455286799842,88
0.425531914893617,1.5405405405405406,1.9036322140823558,5.190916750251277,0.34408602150537637,0.10638297872340426,0.20430107526881722,0.2553191489361702,21.012451192853323,94
0.5384615384615384,1.0526315789473684,1.9569163574456407,4.682162149295792,0.15789473684210525,0.25641025641025644,0.13157894736842105,0.10256410256410256,10.731163439324412,39
0.2903225806451613,2.4444444444444446,1.7314115412599644,3.8052456498523712,0.5333333333333333,0.3225806451612903,0.5333333333333333,0.45161290322580644,5.198067927503066,31
0.75,1.1818181818181819,1.8045851693377997,4.004886164091843,0.34782608695652173,0.8333333333333334,0.30434782608695654,0.4166666666666667,9.974586032987926,24
0.6666666666666666,1.6666666666666667,1.8489879890775278,4.095795255000933,0.43478260869565216,0.4166666666666667,0.30434782608695654,0.4166666666666667,8.653377653688734,24
0.6,1.2727272727272727,1.9574058114255182,4.349648912578752,0.375,0.4,0.25,0.32,7.663200062676787,25
0.5,1.0,1.8960382325345575,4.32323142879762,0.1935483870967742,0.3125,0.22580645161290322,0.375,8.438643950743451,32
0.4375,1.6666666666666667,1.8791473333395197,4.3735572622751855,0.3870967741935484,0.0,0.2903225806451613,0.3125,7.450183549438041,32
0.3488372093023256,0.5925925925925926,1.741469591035635,4.452200407575065,0.09523809523809523,0.0,0.2857142857142857,0.32558139534883723,8.613409883126222,43
0.15555555555555556,0.36363636363636365,1.2469742072484777,3.3234186061539535,0.06818181818181818,0.0,0.5227272727272727,0.13333333333333333,5.613583942415264,45
0.20588235294117646,0.4782608695652174,1.4043183974625661,3.526210641914682,0.06060606060606061,0.0,0.3939393939393939,0.23529411764705882,4.984621028982542,34
0.5333333333333333,0.9565217391304348,1.8307865801053231,4.414409522043332,0.20454545454545456,0.2222222222222222,0.25,0.08888888888888889,13.10911230816811,45
0.46774193548387094,0.7714285714285715,1.9256862418692209,4.973987788091233,0.22950819672131148,0.3225806451612903,0.4098360655737705,0.2903225806451613,15.059558670519289,62
0.47435897435897434,0.95,1.9673604331120378,5.185703093006738,0.2727272727272727,0.38461538461538464,0.35064935064935066,0.20512820512820512,18.806915382839527,78
0.43859649122807015,0.9,1.9702048246019512,4.848919485976581,0.2857142857142857,0.0,0.39285714285714285,0.17543859649122806,12.689029586566598,57
0.5263157894736842,0.78125,1.9822429040023533,4.9902728952641695,0.16071428571428573,0.0,0.16071428571428573,0.3157894736842105,15.134363606530423,57
0.475,0.7021276595744681,1.975793486691807,5.233618885307022,0.12658227848101267,0.0,0.1518987341772152,0.175,19.232769529398634,80
0.46987951807228917,1.1842105263157894,1.8845976527302244,5.162587701202017,0.25609756097560976,0.12048192771084336,0.17073170731707318,0.1927710843373494,20.694061275858694,83
0.4936708860759494,1.135135135135135,1.8965138215556085,5.123757080067047,0.24358974358974358,0.12658227848101264,0.16666666666666666,0.1518987341772152,20.564036493007954,79
0.3684210526315789,0.7272727272727273,1.8458928228363058,4.5724312513221195,0.10810810810810811,0.0,0.13513513513513514,0.5263157894736842,7.584401565680695,38
0.43478260869565216,0.7037037037037037,1.8848302773942907,4.896820539042672,0.13333333333333333,0.0,0.15555555555555556,0.34782608695652173,10.6110293477564,46
0.46987951807228917,1.024390243902439,1.9963674371199291,5.3549804039856435,0.2926829268292683,0.0,0.2804878048780488,0.21686746987951808,19.535472147748212,83
0.5060240963855421,0.7291666666666666,1.9634458985285146,5.327021607609219,0.17073170731707318,0.0,0.2682926829268293,0.1686746987951807,21.390952834770566,83
0.4634146341463415,0.782608695652174,1.9660501785044033,5.355875438448059,0.2222222222222222,0.0,0.2222222222222222,0.17073170731707318,19.328082816698096,82
0.5,0.7142857142857143,1.976079560678667,5.210733711724088,0.1927710843373494,0.0,0.21686746987951808,0.23809523809523808,21.254194204296752,84
0.5357142857142857,0.9534883720930233,1.9806877604998714,5.317500632482179,0.25301204819277107,0.11904761904761904,0.2289156626506024,0.2619047619047619,22.719369593758508,84
0.42168674698795183,0.8043478260869565,1.9637431669933694,5.299062811232794,0.23170731707317074,0.0,0.2682926829268293,0.1927710843373494,17.82309558866187,83
0.5063291139240507,1.1944444444444444,1.974703791432654,5.2890694950436785,0.3076923076923077,0.37974683544303794,0.2564102564102564,0.17721518987341772,20.256192304562084,79
0.825,2.6363636363636362,1.3843936439579272,3.5342586850550655,0.5128205128205128,1.25,0.4358974358974359,0.2,23.837133539937977,40
0.85,3.0,1.383347544458767,3.7345123817507715,0.5384615384615384,1.25,0.41025641025641024,0.3,24.57804299299165,40
0.7,2.6363636363636362,1.6551502080773128,3.930723623838052,0.5897435897435898,1.25,0.5384615384615384,0.1,16.91688340216715,40
0.4,0.8181818181818182,1.9527241956246546,4.807009421281391,0.1794871794871795,0.0,0.2564102564102564,0.3,8.193677244422394,40
0.5128205128205128,0.3,1.7506010100524954,4.3374354600481295,0.0,0.0,0.23684210526315788,0.20512820512820512,11.424641286342554,39
0.6538461538461539,4.2,1.2736509190759928,3.323934896284056,0.68,0.7692307692307692,0.44,0.0,13.347445833028805,26
0.8,5.25,1.354185957637955,3.6381476962048276,0.7083333333333334,1.6,0.4583333333333333,0.16,14.769009468888305,25
0.7857142857142857,6.0,1.173482033390429,3.08298787948685,0.7407407407407407,1.4285714285714286,0.6666666666666666,0.0,18.747608081249854,28
0.2777777777777778,1.0,1.8524051786494786,4.278351811711311,0.3142857142857143,0.0,0.37142857142857144,0.2222222222222222,5.398384066765872,36
0.6571428571428571,0.9444444444444444,1.8914259516675997,4.597276316262592,0.20588235294117646,0.2857142857142857,0.29411764705882354,0.34285714285714286,12.160131259482037,35
0.5142857142857142,1.1875,1.9797242377337003,4.27137063437885,0.17647058823529413,0.0,0.11764705882352941,0.4,9.092170800734745,35
0.6571428571428571,0.9444444444444444,1.8914259516675997,4.597276316262592,0.20588235294117646,0.2857142857142857,0.2647058823529412,0.4,12.160131259482037,35
0.6,1.1875,1.940268978654648,4.4989395739039075,0.17647058823529413,0.0,0.11764705882352941,0.22857142857142856,10.823236060458484,35
0.6,1.5,1.4798495093997663,3.6622838019512773,0.29411764705882354,0.0,0.3235294117647059,0.11428571428571428,14.190622543703885,35
0.4857142857142857,1.3333333333333333,1.9336124046031289,4.043801694853791,0.17647058823529413,0.0,0.14705882352941177,0.17142857142857143,8.791829824684745,35
0.6857142857142857,0.9444444444444444,1.8356505209494363,4.536670255656531,0.20588235294117646,0.2857142857142857,0.29411764705882354,0.34285714285714286,13.07437698609958,35
0.6,1.3333333333333333,1.562623373036996,3.7321829403037126,0.23529411764705882,0.2857142857142857,0.20588235294117646,0.11428571428571428,13.4389302780335,35
0.6712328767123288,0.6590909090909091,1.827416778173979,4.687584619108554,0.125,0.136986301369863,0.16666666666666666,0.2465753424657534,26.81379188997633,73
0.5555555555555556,1.5714285714285714,1.9546859469463558,4.786790198827113,0.37735849056603776,0.18518518518518517,0.20754716981132076,0.4444444444444444,15.347726164983348,54
0.45,0.8181818181818182,1.9766098981515112,4.714646921167525,0.15384615384615385,0.0,0.2564102564102564,0.3,9.1064963857243,40
0.475,0.8181818181818182,1.9894910703001343,4.879506460812009,0.1282051282051282,0.0,0.15384615384615385,0.15,9.550176290541167,40
0.475,0.8181818181818182,1.9755700374451464,4.9122725791761255,0.10256410256410256,0.0,0.07692307692307693,0.15,9.617472437018126,40
0.48,1.34375,1.9715276774516026,5.316202127224987,0.3108108108108108,0.26666666666666666,0.25675675675675674,0.29333333333333333,18.259942354241375,75
0.5344827586206896,1.1481481481481481,1.9701191596070269,4.9794169224754565,0.22807017543859648,0.1724137931034483,0.14035087719298245,0.41379310344827586,15.73508085221739,58
0.5423728813559322,1.1851851851851851,1.9245589502653928,5.244999224615146,0.25862068965517243,0.0,0.25862068965517243,0.2033898305084746,16.62717755068491,59
0.5689655172413793,1.7619047619047619,1.92640950314762,5.173251796980338,0.38596491228070173,0.0,0.22807017543859648,0.3103448275862069,17.130305272983254,58
0.5666666666666667,1.5,1.9382689280764644,4.935398667466762,0.2711864406779661,0.3333333333333333,0.22033898305084745,0.3,17.54141644953525,60
0.6,1.0689655172413792,1.926190182067156,5.019546676453593,0.22033898305084745,0.0,0.23728813559322035,0.26666666666666666,18.68973357118446,60
0.6721311475409836,1.5416666666666667,1.7829067398005378,4.780616778028725,0.3333333333333333,0.819672131147541,0.26666666666666666,0.29508196721311475,22.99614224827296,61
0.6,1.8571428571428572,1.7893042094288034,4.825665426490896,0.3389830508474576,0.3333333333333333,0.1864406779661017,0.2,20.119541266798308,60
0.5333333333333333,0.875,1.9628980971151297,4.860148185111585,0.15254237288135594,0.0,0.1864406779661017,0.3333333333333333,16.30241719863765,60
0.5666666666666667,0.875,1.8682734124061353,4.590295004863252,0.11864406779661017,0.0,0.1864406779661017,0.23333333333333334,18.198611389325663,60
0.6557377049180327,0.6944444444444444,1.8645643225484185,4.619871973700519,0.18333333333333332,0.0,0.25,0.4262295081967213,21.452721187225283,61
0.5125,1.0,1.999097939521405,5.326504942971594,0.21518987341772153,0.125,0.189873417721519,0.275,20.509240032819797,80
0.4,0.7647058823529411,1.620973016103023,3.8693312611115185,0.13793103448275862,0.0,0.3448275862068966,0.2,7.402956420516322,30
0.55,1.105263157894737,1.9467230656818635,4.681880802803404,0.1794871794871795,0.25,0.15384615384615385,0.25,11.301036642958557,40
0.55,1.5,1.8518845690097105,4.534258685055067,0.28205128205128205,0.25,0.28205128205128205,0.15,11.879783701627106,40
0.625,0.8181818181818182,1.8866664819166874,4.721611723969902,0.10256410256410256,0.0,0.15384615384615385,0.35,13.250877666371931,40
0.6,1.5,1.8889490393112864,4.681880802803404,0.3333333333333333,0.0,0.15384615384615385,0.4,12.705471029159899,40
0.675,1.5,1.813921514140739,4.576617644908667,0.3076923076923077,0.25,0.23076923076923078,0.1,14.88486955176803,40
0.5,1.2222222222222223,1.9854752972273344,4.787143960698142,0.3076923076923077,0.25,0.2564102564102564,0.2,10.073149716231555,40
0.6,1.2222222222222223,1.8518845690097105,4.5766176449086675,0.20512820512820512,0.25,0.15384615384615385,0.2,12.959764038138662,40
0.6,0.7647058823529411,1.8855099873337355,4.640236331626007,0.1016949152542373,0.0,0.23728813559322035,0.06666666666666667,19.09296749890962,60
0.559322033898305,0.84375,1.9696464874797772,4.755976365300633,0.10344827586206896,0.0,0.1896551724137931,0.2033898305084746,16.75426705020424,59
0.6166666666666667,0.5789473684210527,1.7949948826004043,4.559977331073359,0.06779661016949153,0.0,0.2711864406779661,0.23333333333333334,20.61286065258168,60
0.6140350877192983,1.5909090909090908,1.8995506557026616,4.824465341104829,0.32142857142857145,0.3508771929824561,0.32142857142857145,0.3157894736842105,18.42540048591265,57
0.5833333333333334,1.0689655172413792,1.923082210801582,4.943850822564573,0.22033898305084745,0.16666666666666666,0.2033898305084746,0.26666666666666666,18.199940493168395,60
0.47368421052631576,0.6521739130434783,1.9554959915759045,4.7254805569978675,0.16216216216216217,0.2631578947368421,0.2702702702702703,0.15789473684210525,9.204821115830038,38
0.45,1.3529411764705883,1.9733265144638374,4.879506460812009,0.23076923076923078,0.0,0.1282051282051282,0.2,9.121648519095771,40
0.6,0.9047619047619048,1.9664303577700677,4.721611723969902,0.23076923076923078,0.25,0.3333333333333333,0.45,12.204850123635127,40
0.5254237288135594,0.9666666666666667,1.9875686897225853,5.236398786094567,0.25862068965517243,0.3389830508474576,0.29310344827586204,0.23728813559322035,15.596937385539837,59
0.5517241379310345,0.7575757575757576,1.8792796848976323,4.824862957617357,0.22807017543859648,0.3448275862068966,0.3508771929824561,0.3448275862068966,17.027791674314525,58
0.5084745762711864,0.9666666666666667,1.9641583397756142,4.96429747022918,0.27586206896551724,0.3389830508474576,0.29310344827586204,0.3389830508474576,15.273709923873694,59
0.5952380952380952,0.75,1.9385400412082454,4.971928094887363,0.21951219512195122,0.23809523809523808,0.3170731707317073,0.19047619047619047,12.896296476869074,42
0.5,1.0714285714285714,1.9853579839940574,4.838343091584562,0.2631578947368421,0.3448275862068966,0.2982456140350877,0.3793103448275862,14.606930149055001,58
0.5084745762711864,0.7352941176470589,1.9458488829290528,5.10000514555391,0.13793103448275862,0.1694915254237288,0.27586206896551724,0.3389830508474576,15.417427759042512,59
0.45454545454545453,0.6176470588235294,1.9287550365096986,5.0201888507079735,0.14814814814814814,0.0,0.25925925925925924,0.18181818181818182,12.961722232761131,55
0.55,1.2222222222222223,1.983185980460598,5.198245434670841,0.3559322033898305,0.3333333333333333,0.3728813559322034,0.2,16.6398833418802,60
0.4,0.5714285714285714,1.8995408608753428,4.733032606389604,0.1111111111111111,0.18181818181818182,0.25925925925925924,0.10909090909090909,11.58174002538802,55
0.423728813559322,0.5945945945945946,1.9258228882069548,4.643864794676718,0.1724137931034483,0.1694915254237288,0.3448275862068966,0.3389830508474576,12.981457002943472,59
0.5185185185185185,0.42105263157894735,1.850506917659374,4.003856189774725,0.11538461538461539,0.37037037037037035,0.2692307692307692,0.37037037037037035,7.565490461509608,27
0.5,0.7647058823529411,1.9342143368014393,5.1852301329094015,0.15254237288135594,0.16666666666666666,0.23728813559322035,0.2,15.510165507016508,60
0.5166666666666667,0.875,1.9553194278402255,4.929113702352964,0.2542372881355932,0.3333333333333333,0.3728813559322034,0.36666666666666664,15.854178966585776,60
0.36585365853658536,0.3225806451612903,1.744465548016896,4.282340283509331,0.125,0.0,0.375,0.24390243902439024,8.59861716296707,41
0.325,0.5384615384615384,1.8251310395334048,4.293594289588576,0.05128205128205128,0.0,0.20512820512820512,0.35,7.122772335596855,40
0.4523809523809524,0.68,1.9553658776363265,4.753055907333278,0.12195121951219512,0.0,0.3170731707317073,0.14285714285714285,9.716846601680935,42
0.631578947368421,0.8095238095238095,1.9274521054244969,4.358278308418045,0.2972972972972973,0.2631578947368421,0.5405405405405406,0.3157894736842105,12.451664807022274,38
0.631578947368421,0.9,1.9440097497163569,4.358278308418045,0.2972972972972973,0.2631578947368421,0.5135135135135135,0.3157894736842105,12.34561074495177,38
